:020000040800F2
:1000000030CC0020290300081D4C000801450008E1
:10001000194C0008210A0008115F000800000000C8
:10002000000000000000000000000000690200085D
:10003000DD14000800000000C5020008D1520008CD
:100040004303000843030008430300084303000878
:100050004303000843030008430300084303000868
:100060004303000843030008430300084303000858
:100070006911000843030008430300084303000814
:100080004303000843030008430300084303000838
:10009000250A00084303000843030008430300083F
:1000A0004303000843030008430300084303000818
:1000B0004303000843030008430300084303000808
:1000C00043030008430300084303000843030008F8
:1000D00043030008CD5D000843030008E95E000803
:1000E00043030008430300084303000843030008D8
:1000F0004303000889550008430300084303000830
:1001000043030008430300084303000843030008B7
:1001100043030008430300084303000843030008A7
:10012000430300087911000889110008991100089B
:100130004303000843030008430300084303000887
:10014000350A00084303000843030008430300087E
:10015000A9110008B9110008C9110008FD5E0008C6
:100160004303000843030008430300084303000857
:100170004303000843030008430300080000000095
:10018000430300084303000800F002F800F05CF8A5
:100190000AA090E8000C82448344AAF10107DA45E2
:1001A00001D100F051F8AFF2090EBAE80F0013F0D8
:1001B000010F18BFFB1A43F00103184760A70000A6
:1001C00080A700000A444FF0000C10F8013B13F028
:1001D000070408BF10F8014B1D1108BF10F8015BA0
:1001E000641E05D010F8016B641E01F8016BF9D193
:1001F00013F0080F1EBF10F8014BAD1C0C1B09D1EA
:100200006D1E58BF01F801CBFAD505E014F8016B5B
:1002100001F8016B6D1EF9D59142D6D370470000ED
:100220000023002400250026103A28BF78C1FBD8FF
:10023000520728BF30C148BF0B6070471FB50AF096
:100240008CF81FBD10B510BD00F09EF91146FFF7E8
:10025000F5FF07F047FC00F0BCF903B4FFF7F2FF2D
:1002600003BC00F0BFF900002C4B19680868B0E827
:10027000F04F80F30988BFF36F8F4FF0000080F3D9
:10028000118870470000000008480068006880F38B
:1002900008884FF0000080F3148862B661B6BFF39F
:1002A0004F8FBFF36F8F00DF00BF00BF08ED00E08E
:1002B000DFF80C00016841F470010160704700BF75
:1002C00088ED00E0EFF30980BFF36F8F134B1A68DE
:1002D0001EF0100F08BF20ED108A20E9F04F1060CB
:1002E00009B44FF0500080F31188BFF34F8FBFF374
:1002F0006F8F08F03BFF4FF0000080F3118809BCBE
:1003000019680868B0E8F04F1EF0100F08BFB0EC95
:10031000108A80F30988BFF36F8F70472800002090
:10032000EFF30580704700000948804709480047FF
:10033000FEE7FEE7FEE7FEE7FEE7FEE7FEE7FEE795
:10034000FEE7FEE704480549054A064B70470000F2
:10035000B953000889010008304C002030CC00203F
:10036000308C0020308C002053EA020C00F06980B1
:100370002DE9F04B4FF00006002B1FBFB3FA83F5B9
:1003800003FA05F424FA05F65E4012BF1643B2FAEA
:1003900082F502FA05F4C5F120051EBF22FA05FC1C
:1003A00044EA0C04203556EA044C4FEA144418BFC2
:1003B000641C4FF000084FF00009904271EB030CF1
:1003C00039D3002919BFB1FA81F701FA07F6B0FA5B
:1003D00080F700FA07F6C7F120071EBF20FA07FCD6
:1003E00046EA0C062037B6FBF4FCA7EB0507103FE6
:1003F00007F01F0BCBF120060CFA0BFB2CFA06F6CC
:1004000044BFB3460026202FA4BF5E464FF0000B2A
:100410005BEA060C08BF4FF0010B19EB0B09ABFBB5
:10042000027C48EB0608C01B06FB02CC0BFB03CC8E
:1004300071EB0C01C1E70B46024641464846BDE858
:10044000F08B13B54FF000004FF00001AFF30080C8
:10045000BDE81C40704710B5203AC0F00B80B1E8F1
:100460001850203AA0E81850B1E81850A0E81850E9
:10047000BFF4F5AF5FEA027C24BFB1E81850A0E8F2
:10048000185044BF18C918C0BDE810405FEA827C0C
:1004900024BF51F8043B40F8043B08BF7047D20723
:1004A00028BF31F8023B48BF11F8012B28BF20F8C4
:1004B000023B48BF00F8012B704702F0FF0343EAFC
:1004C000032242EA024200F002B84FF0000204297F
:1004D000C0F0128010F0030C00F01B80CCF1040C73
:1004E000BCF1020F18BF00F8012BA8BF20F8022BA7
:1004F000A1EB0C0100F00DB85FEAC17C24BF00F84D
:10050000012B00F8012B48BF00F8012B70474FF07A
:10051000000200B5134694469646203922BFA0E853
:100520000C50A0E80C50B1F12001BFF4F7AF09075F
:1005300028BFA0E80C5048BF0CC05DF804EB890050
:1005400028BF40F8042B08BF704748BF20F8022B93
:1005500011F0804F18BF00F8012B704770477047AB
:10056000704710B500F008F8006810BD10B50446DB
:1005700000F002F8046010BD00487047D04B002026
:1005800000487047D04B00207546FFF7F9FFAE4694
:1005900005006946534620F00700854618B020B58F
:1005A000FFF7D0FEBDE820404FF000064FF00007F7
:1005B0004FF000084FF0000B21F00701AC46ACE80B
:1005C000C009ACE8C009ACE8C009ACE8C0098D4678
:1005D000704710B50446AFF300802046BDE81040D8
:1005E000FFF73BBE01491820ABBEFEE72600020024
:1005F000704770B505460C4600260DB1022C00D898
:1006000070BDA11E4FF6FF72284600F06BFF064634
:10061000A01E2E54310A601E295400BFF0E770B5A9
:1006200005460C4600260DB1022C00D870BD611E97
:10063000FF22284600F070FF0646601E2E5400BFC1
:10064000F4E7000010B501221021024802F056F82C
:1006500010BD00000000024010B500221021024829
:1006600002F04CF810BD00000000024010B501225D
:100670001146024802F042F810BD0000000402409A
:1006800010B500220121024802F038F810BD000028
:100690000004024010B50446FFF7DEFF922000F090
:1006A000A3F906229549122000F07EF9FFF7CAFF50
:1006B00092484078000200B2904909780843904976
:1006C00008800846B0F9000000EE100AB8EEC00A33
:1006D0008C48D0ED000A20EE200AD4ED080A20EE66
:1006E000200A84ED000A8548C078000200B28349E0
:1006F00089780843824908800846B0F9000000EE76
:10070000100AB8EEC00A7F48D0ED000A20EE200A99
:10071000D4ED080A20EE200A84ED010A77484079DA
:10072000000200B2754909790843754908800846F6
:10073000B0F9000000EE100AB8EEC00A7148D0ED22
:10074000000A20EE200AD4ED080A20EE200A84EDEB
:10075000020AFFF795FF08226849002000F024F9FB
:10076000FFF784FF654800780F284FD1664800786E
:10077000F0B36248C078000200B26049897808434B
:100780005F49088094ED090A0846B0F9000000EEC0
:10079000900AF8EEE00A5D4890ED001A10EE810A2A
:1007A00084ED030A55484079000200B253490979A3
:1007B00008435349088094ED0A0A0846B0F900003E
:1007C00000EE900AF8EEE00A504890ED001A10EEA4
:1007D000810A84ED040A4948C079000200B2474901
:1007E000897908434649088094ED0B0A084600E0E1
:1007F0000DE0B0F9000000EE900AF8EEE00A434880
:1008000090ED001A10EE810A84ED050A44E03B48A1
:10081000C078000200B23949897808433849088015
:100820000846B0F9000000EE100AB8EEC00A3748DA
:10083000D0ED000A20EE200A84ED030A2F4840790B
:10084000000200B22D49097908432D490880084665
:10085000B0F9000000EE100AB8EEC00A2B48D0ED47
:10086000000A20EE200A84ED040A2448C079000220
:1008700000B2224989790843214908800846B0F925
:10088000000000EE100AB8EEC00A2048D0ED000AC1
:1008900020EE200A84ED050AFFF7DEFEA22000F01C
:1008A000A3F802221549222000F07EF8FFF7CAFEC5
:1008B00012480078C0001149497840EA6110104997
:1008C00008800846B0F90000B0F5806F05DB0846E7
:1008D0000088A0F5006000B208800948B0F9000067
:1008E00000EE100AF8EEC00AB4EE001AB3EE070AE2
:1008F00000EE810A84ED070A10BD00000E02002000
:1009000016020020D0010020E0010020D4010020C8
:1009100070B504460D461C48046000201B49087051
:1009200006F07EFB1949097808431849087006F05B
:100930002DFC164909780843144908701DB1144864
:1009400000F056F91CE09FED130A114880ED090AEA
:100950009FED110A80ED0A0A9FED0F0A80ED0B0A48
:100960009FED0E0A80ED0C0A90ED0C0ADFED0C0AEB
:1009700080EE801A80ED081A9FED0A0A80ED060AC3
:100980000248007870BD000018020020DA01002043
:100990006C4B0020AC38223BB016CE393F161B41C1
:1009A000C3F51C410000204270B506460C461546B2
:1009B00046F0800000F018F806E0552000F014F82A
:1009C0002070641C681EC5B2002DF6D170BD70B5D4
:1009D00004460D4644F0800000F006F8552000F073
:1009E00003F8287070BD000001B582B04FF47A7032
:1009F000012301AA02A900900348006802F05EFCEE
:100A00009DF804000EBD00001802002070B50546D8
:100A10000C462846FFF7E8FF2046FFF7E5FF70BDCC
:100A200000BFFEE710B5024800F09DFF10BD0000BA
:100A30007404002010B5024800F095FF10BD0000BE
:100A40009C04002070B505460C4604B105B970BD84
:100A50002078A6280ED006DC902825D09C2807D028
:100A6000A22823D105E0A82805D0C0281ED11CE06B
:100A700000BF00BF00BF607840B22870A078E17866
:100A800040EA012000B268802079617940EA0120C3
:100A900000B2A880A079E17940EA0120E88000F066
:100AA00057FC85ED020A02E001E000E000BF00BF54
:100AB00000BFCCE738B505460C461048056000205D
:100AC0000E498860C8600820086120780C490870C9
:100AD00060784870A0788870E078C87020790871D4
:100AE00060794871A0798871E079C8716B460A46CF
:100AF0000249044800F037FD38BD0000484B002093
:100B0000BD0100209C040020F8B507460C461546A0
:100B10001E464FF400700D49086000208860C860D0
:100B200008200861380A0A4908704F70200A887046
:100B3000CC70280A08714D71300A8871CE716B46ED
:100B40000A460249034800F00EFDF8BDE84A0020BD
:100B50009D0100207404002017B581B0044613489D
:100B60000460002011498860C86008200861A22044
:100B70000F490870002048709DF8080088709DF8A3
:100B80000900C8709DF80C0008719DF80D004871AF
:100B90009DF80E0088719DF80F00C8716B460A46DB
:100BA0000249044800F0DFFC1FBD0000304B00206C
:100BB000B50100207404002010B506F053FF094968
:100BC0000860002406E0E0B206F040FF064941F864
:100BD0002400641C042CF6DB06F04CFF034908607B
:100BE00010BD00008C010020D84A00209001002098
:100BF00070B52DED048B88B0044600200690079058
:100C000000F0A6FBFE4880ED000A00BF00F0A0FB4C
:100C1000FB48D0ED000A30EE600AF2EE040AB4EEB2
:100C2000E00AF1EE10FA14DD9FEDF60A84ED090AF0
:100C30009FEDF50A84ED0A0A9FEDF30A84ED0B0A95
:100C40009FEDF20A84ED0C0A9FEDF10A84ED060A8D
:100C500055E29FEDF00A00F05DFB9FEDEF0A84ED99
:100C60000C0A9FEDED0A84ED090A9FEDEB0A84ED75
:100C70000A0A9FEDE90A84ED0B0A002673E1FFF7EB
:100C8000EBFC9220FFF7B0FE062206A91220FFF728
:100C90008BFEFFF7D7FC9DF81900000200B29DF80B
:100CA000181040EA010500EE105AB8EEC00ADB4801
:100CB000D0ED000A20EE200A84ED000A9DF81B000A
:100CC000000200B29DF81A1040EA010500EE105A29
:100CD000B8EEC00AD148D0ED000A20EE200A84ED1B
:100CE000010A9DF81D00000200B29DF81C1040EAA8
:100CF000010500EE105AB8EEC00AC848D0ED000A4F
:100D000020EE200A84ED020AD4ED000A60EEA00A6B
:100D100094ED011AD4ED011A41EE210A94ED021A64
:100D2000D4ED021A41EE210AB0EE600A05F0C9FCCA
:100D3000B0EE408A94ED0C0A30EE080A84ED0C0AFD
:100D4000FFF79EFC082206A90020FFF72DFEFFF703
:100D50008DFC9DF818000F2850D19DF81B00000253
:100D600000B29DF81A1040EA010500EE105AB8EEE4
:100D7000C00AAB48D0ED000A20EE200A84ED030A39
:100D800094ED090AD4ED030A30EE200A84ED090A35
:100D90009DF81D00000200B29DF81C1040EA0105FC
:100DA00000EE105AB8EEC00A9D48D0ED000A20EEC1
:100DB000200A84ED040A94ED0A0AD4ED040A30EE08
:100DC000200A84ED0A0A9DF81F00000200B29DF877
:100DD0001E1040EA010500EE105AB8EEC00A904815
:100DE000D0ED000A20EE200A84ED050A94ED0B0AEE
:100DF000D4ED050A30EE200A84ED0B0A06BBF0EEB6
:100E0000488AB0EE489A002017E004F10C0101EB8B
:100E1000800191ED000A03A901EB800181ED000A38
:100E200004F10C0101EB800191ED000A694601EB30
:100E3000800181ED000A411CC8B20328E5DB49E0CE
:100E4000B4EEE88AF1EE10FA01DDF0EE488AB4EE75
:100E5000C98AF1EE10FA01D2B0EE489A002037E0CC
:100E600004F10C0101EB800191ED000A03A901EBF3
:100E70008001D1ED000AB4EEE00AF1EE10FA0ADDCD
:100E800004F10C0101EB800191ED000A03A901EBD3
:100E9000800181ED000A04F10C0101EB800191ED6C
:100EA000000A694601EB8001D1ED000AB4EEE00AC8
:100EB000F1EE10FA0AD204F10C0101EB800191ED80
:100EC000000A694601EB800181ED000A411CC8B2AD
:100ED0000328C5DB38EEC90A524880ED000A00201D
:100EE00012E003A901EB800191ED000A694601EBD4
:100EF0008001D1ED000A30EE600A4B4901EB800120
:100F000081ED000A411CC8B20328EADB454890ED98
:100F1000000AF6EE000AB4EEE00AF1EE10FA1BDC6D
:100F2000414890ED000ADFED410AB4EEE00AF1EE2F
:100F300010FA11DC90ED010ADFED3C0AB4EEE00A94
:100F4000F1EE10FA08DC90ED020ADFED380AB4EE9B
:100F5000E00AF1EE10FA00DD0AE09FED350A00F03C
:100F6000D9F9701C86B2334800888642FFF687AEF6
:100F700000BFD4ED0C0A2F48008800EE100AB8EE2E
:100F8000400A80EE801A84ED0C1A002015E004F16E
:100F9000240101EB8001D1ED000A2649098800EE09
:100FA000101AB8EE400A80EE801A04F1240101EB19
:100FB000800181ED001A411CC8B20328E7DBFFF76E
:100FC0004BFBA220FFF710FD022206A92220FFF70B
:100FD000EBFCFFF737FB9DF81800C0009DF81910D7
:100FE00040EA6115B5F5806F02DBA5F5006005B23A
:100FF00000EE105AF8EEC00AB4EE001A1CE0000031
:1010000008020020AC38223BB016CE393F161B41F7
:10101000000020420AD7A33B00000000D0010020BE
:10102000D4010020DC010020604B00209A99193E79
:101030006F12033A0C020020B3EE070A00EE810A99
:1010400084ED060A34480088401C00B2324908800A
:10105000324890ED000AF6EE000AB4EEE00AF1EE36
:1010600010FA3FF7D3AD94ED0C0ADFED2D0A30EE08
:10107000600AB0EEC00AF6EE000AB4EEE00AF1EE45
:1010800010FAEEDC274890ED000A5FED180AB4EE86
:10109000E00AF1EE10FAE4DC90ED010A5FED1D0AC2
:1010A000B4EEE00AF1EE10FADBDC90ED020A5FED3F
:1010B000210AB4EEE00AF1EE10FAD2DC94ED090A4E
:1010C000B0EEC00ADFED180AB4EEE00AF1EE10FA55
:1010D000C7DC94ED0A0AB0EEC00ADFED130AB4EEE5
:1010E000E00AF1EE10FABCDC94ED0B0AB0EEC00A97
:1010F000DFED0D0AB4EEE00AF1EE10FAB1DC00BF4C
:1011000094ED0C0ADFED090A80EE801A84ED081ACE
:1011100008B0BDEC048B70BDE2010020DC010020B2
:10112000CDCC1C41604B00200AD7233CC3F51C41A9
:1011300006F006F906F012FDFFF73EFD06F096FCFC
:10114000054606F09BFC064606F05AFC044609E0FC
:101150003146284606F06EF9204606F05FFD012074
:1011600006F0AEFFF4E7000010B5024800F0A6FF5D
:1011700010BD00000408002010B5024800F09EFFDA
:1011800010BD00006408002010B5024800F096FF72
:1011900010BD00001C05002010B5024800F08EFFB5
:1011A00010BD00007C05002010B5024800F086FF4D
:1011B00010BD00004407002010B5024800F07EFF7B
:1011C00010BD0000C408002010B5024800F076FFF2
:1011D00010BD0000A407002001460878103818232D
:1011E000B0FBF3F20848805CC865032A05D908689B
:1011F0006FF30900001D886503E008686FF30900BC
:101200008865886D70470000FCA300080146002037
:101210008A6A8B69CBB932B1012A0DD0022A03D078
:10122000032A10D10EE000BFCB6A03F08073B3F144
:10123000807F00D1012007E0CB6AB3F1C07F00D1ED
:10124000012001E000E000BF34E08B69B3F5005FEE
:101250001AD132B1012A07D0022A03D0032A11D1B0
:101260000AE000BF01200EE0CB6A03F08073B3F107
:10127000807F00D1012006E0CB6AB3F1C07F00D1AE
:10128000012000E000BF15E032B1012A05D0022A9A
:1012900004D0032A0CD103E000BF00BF012008E006
:1012A000CB6A03F08073B3F1807F00D1012000E0AE
:1012B00000BF00BF704730B50468246824F4802460
:1012C00005682C60046863608468402C04D104685D
:1012D000A2600468E16003E00468A1600468E26061
:1012E00030BD000008B508484068009007490098E4
:1012F0000968884204D206480068401C0449086016
:1013000002490098086008BD001000E0B00000200D
:10131000AC0000200C494868F0EE400A00BF0A49C2
:101320004968091A01EE101AF8EE411A074991EDC1
:10133000001AB8EE411A20EE811AF4EEC11AF1EE4D
:1013400010FAECD370470000001000E0A00000206D
:1013500010B52DED028B00F059F80F4890ED000A02
:10136000B8EE400A808800EE900AF8EE600A9FED21
:101370000B1A00EE810A0848C08800EE900AF8EEC9
:10138000600A9FED071A00EE810AB0EE408AB0EEC7
:10139000480ABDEC028B10BD980000206F12833A02
:1013A000BD3786351249096841F08071104A1160D5
:1013B0000021104A51601146096841F00101116095
:1013C0000D4941430D4A1160114609684FF47A7284
:1013D000B1FBF2F10A4A116008490968064AB1FBFB
:1013E000F2F1084A11600021074A116070470000BD
:1013F000FCED00E0001000E040420F00A0000020E3
:10140000A4000020A8000020AC00002038B5294826
:1014100040680090FFF766FF274800684FF0FF31F3
:10142000A0FB01310098181841F10001234A03C2C2
:10143000234800232149026803C9FEF795FF214A8A
:1014400003C220480CC81E4800680024A2FB0015F7
:1014500003FB005002FB04021848D0E90030591A7F
:1014600060EB0200184AC2E90010164800681749EC
:101470000860174800231449026803C9FEF774FF87
:1014800012498880084680881149096841430E48FE
:10149000D0E90030591A60F100000E4AC2E900108C
:1014A0000D4800230B49026803C9FEF75DFF074999
:1014B000C88038BD001000E0AC000020B80000205B
:1014C000A0000020C0000020C800002098000020DC
:1014D000A4000020D0000020A8000020704772B6B1
:1014E00000BFFEE730B5034613B94FF6FF7030BDBD
:1014F00009E013F8014B82EA0400C0B2054D35F84B
:10150000100080EA2222081EA1F10101F1D110464B
:10151000EDE7000020A5000830B5034605E013F80C
:10152000010B80EA02040448025D081EA1F10101DA
:10153000F5D1104630BD00001DA4000810B50246CC
:1015400092F82030012B01D0022B06D1106840699F
:10155000084314686061002010BD506A40F4802088
:1015600050620120F8E7F0B504460D461E4694F897
:10157000207020688368A86800B900E000BF012FD0
:1015800001D0022F7DD103F0806030B903F00060FC
:1015900018B903F0805000287ED0C3F30161012008
:1015A00088403060A86860B9B5F800C0E86840EAD3
:1015B0004C5C206800F5C07000EB0110C0F800C062
:1015C0000FE0D5E901C040EACC00D5F80CC040EAF4
:1015D0000C00D4F800C00CF5C07C0CEB011CCCF85E
:1015E0000000D5F810C0206800F5C07000EB0110B5
:1015F000C0F804C0287D01280ED1206800F5C07015
:1016000000EB0110406840F4807C206800F5C07059
:1016100000EB0110C0F804C0D079000692F806C0B3
:1016200040EA0C4092F805C040EA0C2092F804C051
:1016300040EA0C00D4F800C00CF5C07C0CEB011C97
:10164000CCF80C00D078000692F802C040EA0C40BA
:1016500092F801C040EA0C2092F800C040EA0C0069
:10166000D4F800C00CF5C07C0CEB011CCCF80800D1
:10167000206800F5C07000EB0110006840F0010C1C
:1016800001E00FE008E0206800F5C07000EB0110F9
:10169000C0F800C00020F0BD606A40F40010606235
:1016A0000120F8E7606A40F4802060620120F2E7E0
:1016B000F0B504460A4694F82050012D01D0022DC1
:1016C0007ED1424901F50071086840F001000860D0
:1016D000086820F47C5008600868566A40EA0620D2
:1016E0000860107D00F01F06012000FA06F3C869AB
:1016F0009843C861A1F50071D069C8B9D1F80C024E
:101700009843C1F80C02908880B2968940EA064658
:1017100001F51070576940F83760108880B216895B
:1017200040EA064601F51070576900EBC7004660B5
:10173000D069012819D1D1F80C021843C1F80C0264
:10174000908880B2168840EA064601F51070576905
:1017500040F83760908980B2168940EA064601F564
:101760001070576900EBC7004660906928B9D1F83E
:1017700004029843C1F8040204E0D1F804021843BB
:10178000C1F80402106928B9D1F814029843C1F8CD
:10179000140204E0D1F814021843C1F81402106ACC
:1017A000012804D1D1F81C021843C1F81C02D1F859
:1017B000000220F00100C1F800020020F0BDFFE7A8
:1017C000606A40F4802060620120F7E70064004016
:1017D000704770B5044694F82050012D01D0022DB9
:1017E0007DD151B92068C06800F0030080B9606AFB
:1017F00040F400106062012070BD2068006900F0B4
:10180000030028B9606A40F4001060620120F3E729
:10181000206800F5D87000EB0110006800F00400AB
:101820009060906840B9206800F5D87000EB011016
:101830000068400D106007E0206800F5D87000EBEC
:1018400001100068C0085060206800F5D87000EBF7
:101850000110006800F00200D060206800F5D87028
:1018600000EB0110406800F00F00082802D30820A8
:10187000106108E0206800F5D87000EB01104068A6
:1018800000F00F001061206800F5D87000EB011027
:10189000406800F47F40000A9061206800F5D8702D
:1018A00000EB01104068000C5061206800F5D87012
:1018B00000EB011080681870206800F5D87000EB0C
:1018C0000110806800F47F40000A5870206800F51D
:1018D000D87000EB0110806800F47F0000E03CE06D
:1018E000000C9870206800F5D87000EB011080683B
:1018F000000ED870206800F5D87000EB0110C068A9
:101900001871206800F5D87000EB0110C06800F471
:101910007F40000A5871206800F5D87000EB011074
:10192000C06800F47F00000C9871206800F5D87042
:1019300000EB0110C068000ED87131B92068C06892
:1019400040F020002668F06005E02068006940F063
:1019500020002668306100204EE7606A40F4802055
:101960006062012048E72DE9F05F04460025206809
:1019700046692068D0F80490206887682068D0F80D
:101980000CA02068D0F810B02068D0F8188006F0BD
:101990000100002855D007F00100C0B101202168E6
:1019A000886007F0020018B1204600F016FB0EE038
:1019B00007F0040010B145F4006508E007F00800E6
:1019C00010B145F4805502E0204600F005FB07F415
:1019D0008070C8B14FF480702168886007F400708F
:1019E00018B1204600F0FBFA0EE007F4806010B159
:1019F00045F4005508E007F4006010B145F4804557
:101A000002E0204600F0EAFA07F48030C8B14FF453
:101A100080302168886007F4003018B1204600F05B
:101A2000E0FA0EE007F4802010B145F4004508E02C
:101A300007F4002010B145F4803502E0204600F0A4
:101A4000CFFA06F0080038B10AF0100020B145F4D2
:101A5000007510202168C86006F0040040B10AF04B
:101A6000080028B108202168C860204600F00CFA60
:101A700006F0020038B12068C06800F0030010B121
:101A8000204600F003FA06F0400038B10BF01000D9
:101A900020B145F4806510202168086106F020001F
:101AA00040B10BF0080028B10820216808612046E9
:101AB00000F060FA06F0100038B12068006900F00C
:101AC000030010B1204600F056FA06F4003040B191
:101AD00009F0100028B1102021684860204600F06D
:101AE0004BFA06F4803040B109F0080028B1082014
:101AF00021684860204600F075FA06F4004088B37B
:101B000009F0040078B306F4807020B108F00100F9
:101B100008B145F0010506F4007020B108F002009C
:101B200008B145F0020506F4806020B108F0040019
:101B300008B145F0040506F40060A0B108F070009B
:101B400088B108F07000402817D006DC10280BD0B0
:101B500020280CD0302819D10CE0502810D0602853
:101B600014D110E01DE019E045F008050FE045F044
:101B700010050CE045F0200509E045F0400506E0C1
:101B800045F0800503E045F4807500E000BF00BF2C
:101B90002068806920F07000216888610420216835
:101BA00048602DB1606A284360622046FFF710FE4E
:101BB000BDE8F09F70B504460CB9012070BD94F8E3
:101BC000200010B9204600F0AFF82068006840F00F
:101BD00001002168086000F097FD05460DE000F067
:101BE00093FD401B0A2808D9606A40F40030606207
:101BF000052084F820000120E0E72068406800F01C
:101C000001000028EBD02068006820F00200216865
:101C1000086000F079FD05460DE000F075FD401B01
:101C20000A2808D9606A40F400306062052084F810
:101C300020000120C2E72068406800F00200002870
:101C4000EBD1207E012806D12068006840F080009A
:101C50002168086005E02068006820F080002168A5
:101C60000860607E012806D12068006840F04000CE
:101C70002168086005E02068006820F040002168C5
:101C80000860A07E012806D12068006840F020008E
:101C90002168086005E02068006820F020002168C5
:101CA0000860E07E012806D12068006820F010005E
:101CB0002168086005E02068006840F01000216895
:101CC0000860207F012806D12068006840F00800E5
:101CD0002168086005E02068006820F0080021689D
:101CE0000860607F012806D12068006840F0040089
:101CF0002168086005E02068006820F00400216881
:101D00000860D4E902010843216908436169084376
:101D10006168491E08432168C86100206062012093
:101D200084F82000002049E710B586B0044614214D
:101D300001A8FEF7ECFB4E492068884241D14D488E
:101D40000068401C4B4908600846006801280FD114
:101D500000BF002000904848006840F000704649ED
:101D600008600846006800F00070009000BF00BFE7
:101D700000BF0020009040481038006840F0080084
:101D80003D49103908600846006800F008000090DE
:101D900000BF00BF032001900220029000200390AA
:101DA000032004900920059001A9344800F0ACFB01
:101DB00000220521142000F06FFD142000F058FDD2
:101DC00054E02F492068884250D100BF0020009085
:101DD0002948006840F0806027490860084600688C
:101DE00000F08060009000BF00BF22480068401CE7
:101DF000204908600846006801280FD100BF002074
:101E000000901D48006840F000701B4908600846BB
:101E1000006800F00070009000BF00BF00BF00200D
:101E2000009015481038006840F00200124910393F
:101E300008600846006800F00200009000BF00BF84
:101E40006020019002200290002003900320049063
:101E50000920059001A90B4800F056FB002205213E
:101E6000402000F019FD402000F002FD06B010BD3A
:101E7000006400401400002040380240000C024082
:101E800000680040000402407047000010B588B0B0
:101E90000446314B01AA00212046FFF79AFC2F4946
:101EA0002068884229D140F202220198811A90428A
:101EB0000CD005DCA0F24110B8B1C0281BD104E061
:101EC000012904D0022916D102E000BF00BF00BFE3
:101ED0000198401E224908702249214A127851F87F
:101EE00022001D4905F090FD06E01B491E480068D0
:101EF000FEF7A8FD00E000BF2CE01C4920688842E6
:101F000028D10198A0F2333010B1012820D112E07D
:101F100017480168104806F0DBFD15480168091DE7
:101F20000D48001D06F0D4FDFFF712FA10480068B6
:101F300080ED030A0DE00E4801680831064806F0FE
:101F4000C7FDFFF705FA0A48006880ED030A00E0C4
:101F500000BF00BF08B010BD940100200064004025
:101F60009C010020D84A00208C010020006800401D
:101F70009001002070477047704770B5044694F890
:101F80002000012822D1022084F820002068006867
:101F900020F001002168086000F0B6FB05460DE066
:101FA00000F0B2FB401B0A2808D9606A40F40030F8
:101FB0006062052084F82000012070BD2068406820
:101FC00000F001000028EBD16062F6E7606A40F49F
:101FD000002060620120F0E770477047704770474B
:101FE00070477047704770B50446A56D00F08CFBD4
:101FF000064694F83500022808D08020606500BFAE
:10200000002084F8340000BF012070BD2068006803
:1020100020F01600216808602068406920F08000E8
:1020200021684861206C08B9A06C28B1206800685C
:1020300020F00800216808602068006820F0010096
:102040002168086010E000F05FFB801B05280BD9B9
:1020500020206065032084F8350000BF002084F84C
:10206000340000BF0320D0E72068006800F00100C2
:102070000028E8D194F85C103F208840A860012037
:1020800084F8350000BF002084F8340000BF00BF92
:10209000BBE7014691F83500022803D0802048654F
:1020A00001207047052081F835000868006820F09D
:1020B00001000A6810600020F3E70000F8B504464C
:1020C000002000908C4800684FF41651B0FBF1F7E7
:1020D000A56D2E6894F85C1008208840304098B1B7
:1020E0002068006800F0040070B12068006820F0EB
:1020F00004002168086094F85C1008208840A860FB
:10210000606D40F00100606594F85C10012088402B
:10211000304068B12068406900F0800040B194F818
:102120005C1001208840A860606D40F0020060658E
:1021300094F85C1004208840304068B12068006842
:1021400000F0020040B194F85C1004208840A860C0
:10215000606D40F00400606594F85C1010208840C9
:10216000304078B32068006800F0080050B394F85D
:102170005C1010208840A8602068006800F480206F
:1021800080B12068006800F4002028B9206CC8B134
:102190002046216C884715E0A06C98B12046A16CC0
:1021A00088470FE02068006800F4807028B9206834
:1021B000006820F0080021680860206C10B12046FB
:1021C000216C884794F85C1020208840304000281B
:1021D00065D02068006800F0100000285FD094F8F7
:1021E0005C1020208840A86094F83500052828D18C
:1021F0002068006820F016002168086020684069A7
:1022000020F0800021684861206C08B9A06C28B1DA
:102210002068006820F008002168086094F85C10CD
:102220003F208840A860012084F8350000BF0020CE
:1022300084F8340000BF206D10B12046216D88471E
:10224000F8BD2068006800F4802080B12068006834
:1022500000F4002028B9606C10B12046616C8847FA
:102260001DE0E06BD8B12046E16B884717E020689D
:10227000006800F4807068B92068006820F01000E1
:1022800021680860012084F8350000BF002084F830
:10229000340000BFE06B10B12046E16B8847606DF1
:1022A00038B3606D00F00100F0B1052084F835000E
:1022B0002068006820F001002168086000BF0098D5
:1022C000401C0090B84200D905E02068006800F08A
:1022D00001000028F3D100BF012084F8350000BFC1
:1022E000002084F8340000BFE06C10B12046E16C9F
:1022F000884700BFA4E70000240000202DE9F0413A
:102300000446002500F000FA074614B90120BDE894
:10231000F081606A00B100BF022084F8350000BF80
:10232000002084F8340000BF2068006820F001001D
:10233000216808600AE000F0E7F9C01B052805D90C
:1023400020206065032084F83500E0E720680068FD
:1023500000F001000028EED1206805682148054002
:10236000D4E901010843E168084321690843616930
:102370000843A1690843E1690843216A084305430A
:10238000606A042803D1D4E90B010843054320689F
:1023900005602068456925F00705606A0543606AA5
:1023A00004280DD1A06A0543E06A48B12046FEF733
:1023B0002DFF28B140206065012084F83500A6E794
:1023C000206845612046FEF707FF064694F85C103A
:1023D0003F208840B06000206065012084F835000F
:1023E000002094E73F8010F02DE9F04104460D46AF
:1023F00016461F464FF0000800BF94F8340001282D
:1024000002D10220BDE8F081012084F8340000BF31
:1024100094F83500012811D1022084F835000020FD
:1024200060653B46324629462046FEF744FF206859
:10243000006840F001002168086006E000BF00204D
:1024400084F8340000BF4FF002084046DAE72DE977
:10245000F04704460D4616461F464FF00008D4F8D4
:10246000589000BF94F83400012802D10220BDE842
:10247000F087012084F8340000BF94F8350001286B
:1024800025D1022084F83500002060653B463246A5
:1024900029462046FEF70FFF94F85C103F20884045
:1024A000C9F808002068006840F01600216808603C
:1024B000206C28B12068006840F00800216808609E
:1024C0002068006840F001002168086006E000BF55
:1024D000002084F8340000BF4FF002084046C6E7F1
:1024E00070B5044600F010F906462546681C10B188
:1024F00004480078054400BF00F006F9801BA8429C
:10250000FAD370BD20000020F8B502460B46002526
:10251000002400200021D6E0012606FA01F51E68FD
:1025200006EA0504AC4274D11E7906F00306012EBA
:1025300004D01E7906F00306022E13D190684F00D6
:102540000326BE40B0434F00DE68BE40304390607B
:10255000506801268E40B0431E79C6F300168E40A7
:10256000304350601E7906F00306032E09D0D06870
:102570004F000326BE40B0434F009E68BE4030432C
:10258000D0601E7906F00306022E13D1CF0802F1A7
:10259000200656F827004E07F70E0F26BE40B04320
:1025A0004F07FF0E1E69BE403043CF0802F12006E0
:1025B00046F8270010684F000326BE40B0431E793E
:1025C00006F003064F00BE40304310605E6806F41C
:1025D0004036002E76D000BF002600963C4E36686E
:1025E00046F480463A4F3E603E46366806F48046E2
:1025F000009600BF00BF374E8F0856F827008E07A1
:10260000370F0F26BE40B043334EB24202D10026F0
:1026100024E057E0314EB24201D101261EE0304E97
:10262000B24201D1022619E02E4EB24201D1032658
:1026300014E02D4EB24201D104260FE02B4EB242DF
:1026400001D105260AE02A4EB24201D1062605E054
:10265000284EB24201D1072600E008268F073F0F1F
:10266000BE4030431B4E8F0846F82700224E30688C
:10267000A0435E6806F4801606B120431E4E30600B
:10268000361D3068A0435E6806F4001606B120438C
:10269000194E361D3060184E361F3068A0435E68F4
:1026A00006F4003606B12043134E361F3060361F45
:1026B0003068A0435E6806F4803606B120430E4EB3
:1026C000083E3060491C1029FFF426AFF8BD000019
:1026D0004438024008380140000002400004024033
:1026E00000080240000C02400010024000140240AA
:1026F00000180240001C0240083C01400AB1816100
:1027000001E00B04836170470148006870470000D6
:10271000180000200348006803490978084401496B
:1027200008607047180000202000002010B50D48F8
:10273000006840F400700B4908600846006840F4E7
:10274000806008600846006840F4807008600320DC
:1027500000F0E0F80F2000F007F800F05FF800202C
:1027600010BD0000003C02402DE9F04188B0044655
:102770000027B84600BF002001902348006840F4BD
:102780008070214908600846006800F4807001905C
:1027900000BF00BF02A903A800F092F9069F1FB96D
:1027A00000F0B6F9054602E000F0B2F9450017481E
:1027B000B5FBF0F0A0F1010815481649086040F299
:1027C000E7311448C160C0F80480002101618160D4
:1027D000816100F0F3FE064696B90E4800F0A0FFB6
:1027E00006466EB92D2000F043F8102C07D20022C7
:1027F00021462D2000F050F80748046000E0012633
:10280000304608B0BDE8F0814038024040420F0039
:1028100000200040240900201C00002008B500BF53
:10282000002000901148006840F480400F49086083
:102830000846006800F48040009000BF00BF00BF61
:1028400000200090081F006840F08050091F0860B9
:102850000846006800F08050009000BF00BF0022D2
:102860000F21901E00F018F808BD00004438024007
:102870000146084600280DDB00BF00BF00F01F0323
:1028800001229A4043099B0003F1E023C3F8002191
:1028900000BF00BF00BF70472DE9F05F80460D46C6
:1028A0001646002703F088FB074639462A4633467A
:1028B00001F00700C0F1070ABAF1040F02D94FF086
:1028C000040A01E0C0F1070AD14600F1040ABAF196
:1028D000070F02D24FF0000A01E0A0F1030AD4462C
:1028E0004FF0010A0AFA09FAAAF1010A0AEA020AF1
:1028F0000AFA0CFA4FF0010B0BFA0CFBABF1010BCF
:102900000BEA030B4AEA0B042146404603F05CFB4A
:10291000BDE8F09F00BF00F00702064B19684FF6B4
:10292000FF031940044B0B4343EA0221014B19609A
:1029300000BF70470CED00E00000FA0570B50446DA
:102940000D460CB9012070BD5848006800F0070022
:10295000A84209D255490D700846006800F00700EA
:10296000A84201D00120EEE7207800F00200022802
:102970001DD1207800F00400042805D14C480068DF
:1029800040F4E0504A490860207800F00800082828
:1029900005D14748006840F4604045490860444814
:1029A000006820F0F000A1680843414908602078E1
:1029B00000F00100A8B36068012807D13C4808383E
:1029C0000068C0F34040B8B90120BCE76068022845
:1029D00002D06068032807D1354808380068C0F382
:1029E000406048B90120AEE7314808380068C0F3BC
:1029F000400008B90120A6E72D48006820F0030038
:102A0000616808432A490860FFF77EFE064609E030
:102A1000FFF77AFE801B41F28831884202D90320F9
:102A200091E707E02248006800F00C006168B0EB15
:102A3000810FEDD11D48006800F00700A84209D9B8
:102A40001A490D700846006800F00700A84201D03E
:102A5000012078E7207800F00400042807D114480A
:102A6000006820F4E050E1680843114908602078CC
:102A700000F00800082808D10D48006820F46040E4
:102A8000216940EAC1000A49086000F061F808497C
:102A90000968C1F30311074A515CC8400649086040
:102AA00006480068FFF760FE00204CE7003C02404B
:102AB0000838024004A40008240000201C00002064
:102AC0000F2202600D4A126802F0030242600B4AB4
:102AD000126802F0F0028260084A126802F4E052C2
:102AE000C260064A126802F46042D2080261044AD7
:102AF000126802F007020A607047000008380240BE
:102B0000003C02400148006870470000240000209B
:102B100000B5FFF7F7FF04490968C1F38221034AB2
:102B2000515CC84000BD00000838024014A40008F1
:102B300000B5FFF7E7FF04490968C1F34231034AD2
:102B4000515CC84000BD00000838024014A40008D1
:102B50002DE9F047002400250026A14625480068FD
:102B600000F00C0020B1042805D008283AD105E077
:102B7000DFF8849039E0DFF8849036E01D48001FCC
:102B8000006800F03F041B48001F006800F480004C
:102B900078B11A481749091F0968C1F38811A0FBC9
:102BA00001700146224600233846FDF7DDFB05464D
:102BB0000EE011480F49091F0968C1F38811A0FBF5
:102BC00001700146224600233846FDF7CDFB05463D
:102BD0000848001F0068C0F30140401C4600B5FBD8
:102BE000F6F902E0DFF8109000BF00BF4846BDE8EC
:102BF000F0870000083802400024F400001BB700F2
:102C0000F8B504460CB90120F8BD207800F00100A9
:102C1000002874D0F948006800F00C0004280DD09A
:102C2000F648006800F00C00082813D1F348001F94
:102C3000006800F48000B0F5800F0BD1EF48083831
:102C40000068C0F34040002859D06068002856D181
:102C50000120D9E700BF6068B0F5803F08D1E748A0
:102C60000838006840F48030E449083908601EE004
:102C70006068B0F5A02F0DD1E0480838006840F436
:102C80008020DE49083908600846006840F480303A
:102C900008600CE0D9480838006820F48030D74933
:102CA000083908600846006820F48020086000BFEA
:102CB000606890B1FFF728FD054606E0FFF724FDA8
:102CC000401B642801D903209EE7CC4808380068DF
:102CD000C0F340400028F1D011E0FFF715FD054694
:102CE00006E0FFF711FD401B642801D903208BE7A4
:102CF000C24808380068C0F340400028F1D120786D
:102D000000F0020002285FD1BC48006800F00C000F
:102D100058B1BA48006800F00C0008281CD1B74828
:102D2000001F006800F48000B0B9B448083800689B
:102D3000C0F3400020B1E068012801D0012063E722
:102D4000AE480838006820F0F800216940EAC10068
:102D5000AA490839086037E0E06800B30120A849B3
:102D60000860FFF7D1FC054606E0FFF7CDFC401BED
:102D7000022801D9032047E7A04808380068C0F3BB
:102D800040000028F1D09D480838006820F0F80085
:102D9000216940EAC10099490839086014E000201F
:102DA00097490860FFF7B0FC054606E0FFF7ACFC6A
:102DB000401B022801D9032026E790480838006804
:102DC000C0F340000028F1D1207800F00800082866
:102DD0002CD16069A8B101208A490860FFF794FCF2
:102DE000054606E0FFF790FC401B022801D90320AE
:102DF0000AE782486C300068C0F340000028F1D038
:102E000014E000207F490860FFF77EFC054606E0DD
:102E1000FFF77AFC401B022801D90320F4E677482B
:102E20006C300068C0F340000028F1D1207800F039
:102E30000400042870D1002770483830006800F082
:102E4000805090B900BF002000906C483830006876
:102E500040F080506949383108600846006800F049
:102E60008050009000BF00BF01276748006800F451
:102E70008070B0B96448006840F4807062490860AE
:102E8000FFF742FC054606E0FFF73EFC401B022828
:102E900001D90320B8E65C48006800F4807000287F
:102EA000F2D000BFA068012808D1544868300068FB
:102EB00040F001005149683108601DE0A068052814
:102EC0000DD14E486830006840F004004B4968312D
:102ED00008600846006840F0010008600CE04748C0
:102EE0006830006820F001004449683108600846F5
:102EF000006820F00400086000BFA068A8B1FFF7D8
:102F000003FC054609E0FFF7FFFB401B41F2883157
:102F1000884202D9032077E626E038486830006806
:102F2000C0F340000028EED013E0FFF7EDFB0546AC
:102F300008E0FFF7E9FB401B41F28831884201D9E4
:102F4000032061E62D4868300068C0F34000002887
:102F5000EFD1012F07D129483830006820F0805088
:102F600026493831086000BFA069002845D02348B1
:102F7000006800F00C0008285DD0A069022845D147
:102F800000201F490866FFF7BFFB054606E0FFF774
:102F9000BBFB401B022801D9032035E6174808383F
:102FA0000068C0F340600028F1D1D4E9070108436C
:102FB000616A40EA81110122A06AC2EB500041EA35
:102FC00000412C20005D41EA00600C49091F0860A7
:102FD00001200B490866FFF797FB054606E0FFF75F
:102FE00093FB401B022801D903200DE60348083853
:102FF0000068C0F340600028F1D049E00838024082
:1030000000004742800E47420070004000202149E6
:103010000866FFF779FB054606E0FFF775FB401BE6
:10302000022801D90320EFE51B480068C0F3406087
:103030000028F2D12CE0A069012800D1E4E516486F
:10304000001D0668A069012820D006F48001E0690F
:1030500081421BD106F03F01206A814216D147F61A
:10306000C0703040616AB0EB811F0FD106F440316F
:103070000122A06AC2EB5000B1EB004F06D106F06E
:1030800070612C20005DB1EB006F01D00120BBE529
:103090000020B9E5000047420038024010B5044660
:1030A0000CB9012010BD606A38B96068B0F5827F44
:1030B00000D105E00021E16102E0002121616161B0
:1030C0000021A16294F8510028B9002084F8500032
:1030D000204600F047F8022084F85100206800687C
:1030E00020F0400021680860A08800F482702189E7
:1030F00001F404410843A18901F400610843217CE3
:1031000001F002010843217D01F001010843218BF8
:1031100001F400710843217F01F0380108432021A8
:10312000095D01F080010843218D01F4005108433D
:10313000216808600421A06901EA104094F8241075
:1031400001F010010843216848602068C06920F43C
:1031500000602168C86100206065012084F851008A
:1031600000209FE710B586B00446142101A8FDF7A2
:10317000CEF94B49206888427ED100BF00200090E4
:103180004848006840F48050464908600846006896
:1031900000F48050009000BF00BF00BF00200090EE
:1031A00040481438006840F002003E491439086075
:1031B0000846006800F00200009000BF00BF00BF9A
:1031C000002000900846006840F0010008600846B2
:1031D000006800F00100009000BF00BF18200190BF
:1031E0000220029000200390032004900520059007
:1031F00001A92D48FFF788F9802001900220029054
:1032000000200390032004900520059001A9274881
:10321000FFF77AF92648274908604FF0C0604860F8
:10322000002124488160C1604FF480610161002168
:1032300041618161C1614FF440310162002141620D
:10324000FFF75CF808B1FEF74AF900BF1948E064DF
:10325000846300BF16481830174908604FF0C060FB
:1032600048604021144881600021C1604FF48061B2
:1032700001610021416100E010E08161C1614FF412
:103280000031016200214162FFF738F808B1FEF712
:1032900026F900BF0848A064846300BF06B010BDD3
:1032A0000030014044380240000402400000024067
:1032B000406402401C0500207C0500202DE9FE4FE3
:1032C00004460F4690461D460C9E01200190FFF7D4
:1032D0001BFA814694F851B060680290AA46BBF18F
:1032E000010F0BD00298B0F5827F04D1A06810B90D
:1032F000BBF1040F02D00220BDE8FE8F1FB1B8F170
:10330000000F00D00DB90120F6E700BF94F850007F
:10331000012801D10220EFE7012084F8500000BF0E
:1033200094F85100042802D0052084F851000020B0
:103330006065C4F83880E587A5872763E586A5869C
:10334000206460642068006800F04000402805D0D8
:103350002068006840F0400021680860E068B0F52F
:10336000006F52D1606810B1BAF1010F09D1206B22
:1033700000882168C860206B801C2063E08E401E9E
:10338000E0863BE02068806800F00200022810D14F
:10339000E08E70B1019801280BD1206B0088216864
:1033A000C860206B801C2063E08E401EE0860020F9
:1033B00001902068806800F0010068B1E08F58B18A
:1033C0002068C068A16B0880A06B801CA063E08FA0
:1033D000401EE08701200190FFF796F9A0EB09005D
:1033E000B0420BD3701C48B1012084F8510000BFDB
:1033F000002084F8500000BF03207DE7E08E002805
:10340000C0D1E08F0028BDD152E0606810B1BAF1A0
:10341000010F09D1206B007821680873206B401CD4
:103420002063E08E401EE0863CE02068806800F06B
:103430000200022810D1E08E70B1019801280BD152
:10344000206B007821680873206B401C2063E08E9D
:10345000401EE086002001902068806800F0010096
:1034600068B1E08F58B12068C068A16B0870A06B8C
:10347000401CA063E08F401EE08701200190FFF711
:1034800043F9A0EB0900B04201D3701C00B94EB95A
:10349000012084F8510000BF002084F8500000BFD4
:1034A000032029E7E08E0028BFD1E08F0028BCD19F
:1034B0004A463146204601F055FE40B12020606565
:1034C00000BF002084F8500000BF012014E7A0686E
:1034D00050B900BF002000902068C06800902068AC
:1034E0008068009000BF00BF012084F8510000BF39
:1034F000002084F8500000BF606D08B10120FBE699
:103500000020F9E67047704730B502460B4600BF11
:1035100092F83C00012801D1022030BD012082F840
:103520003C0000BF022082F83D001068446810682B
:10353000816824F070041868044310684460184DD2
:103540001068A8421BD01068B0F1804F17D0154DFD
:103550001068A84213D0144D1068A8420FD0134D24
:103560001068A8420BD0124D1068A84207D0114D28
:103570001068A84203D0104D1068A84205D121F070
:1035800080015868014310688160012082F83D0085
:1035900000BF002082F83C0000BF00BFBDE7000074
:1035A000000001400004004000080040000C004002
:1035B00000040140004001400018004010B50446DE
:1035C0000CB9012010BD94F83D0028B9002084F802
:1035D0003C00204600F026F8022084F83D00211D22
:1035E000206801F0D9FF012084F8460000BF84F86C
:1035F0003E0001213F200155402001554120015549
:1036000000BF00BF012084F8420043200155442040
:1036100001554520015500BF012084F83D000020E0
:10362000D0E7000008B5144A016891420FD100BFED
:10363000002100911149096841F004010F4A11600D
:103640001146096801F00401009100BF13E00C4A23
:10365000016891420FD100BF00210091074909681C
:1036600041F00801054A11601146096801F008019E
:10367000009100BF00BF08BD000800404038024074
:10368000000C0040014691F83D00012801D00120C6
:103690007047022081F83D001A4B086898421BD001
:1036A0000868B0F1804F17D0174B0868984213D0C4
:1036B000164B086898420FD0154B086898420BD0FB
:1036C000144B0868984207D0134B0868984203D0FF
:1036D000124B086898420CD10868806800F0070215
:1036E000062A0CD00868006840F001000B681860DA
:1036F00005E00868006840F001000B6818600020D1
:10370000C6E700000000014000040040000800403F
:10371000000C00400004014000400140001800403F
:10372000014691F83D00012801D001207047022098
:1037300081F83D000868C06840F001000B68D8605F
:103740001A4B086898421BD00868B0F1804F17D018
:10375000174B0868984213D0164B086898420FD050
:10376000154B086898420BD0144B0868984207D054
:10377000134B0868984203D0124B086898420CD14A
:103780000868806800F00702062A0CD00868006804
:1037900040F001000B68186005E00868006840F020
:1037A00001000B6818600020C0E700000000014025
:1037B0000004004000080040000C004000040140EC
:1037C00000400140001800402DE9F04104460D463C
:1037D000002700BF94F83C00012802D10220BDE878
:1037E000F081012084F83C0000BF022084F83D00F5
:1037F0002068866826F0770626F47F462068866073
:103800002868502833D00CDC202850D004DC002855
:103810004BD0102851D149E0302849D040284CD114
:1038200039E060282DD0702807D0B0F5805F03D034
:10383000B0F5005F41D10DE041E0D5E902136A68BF
:10384000206801F02AFF2068866846F07706206825
:10385000866034E0D5E902136A68206801F01DFF34
:103860002068806840F480402168886027E0EA682A
:103870006968206802F002F85021206801F018FF02
:103880001DE0EA686968206802F00BF86021206892
:1038900001F00EFF13E0EA686968206801F0EEFFAE
:1038A0004021206801F004FF09E000BF00BF00BF15
:1038B0002968206801F0FCFE01E0012700BF00BF7D
:1038C000012084F83D0000BF002084F83C0000BFC8
:1038D000384684E7704770B504462068C56820689C
:1038E000066906F00200022819D105F0020002283C
:1038F00015D1401F21680861012020772068806968
:1039000000F0030018B12046FFF7E4FF05E0204671
:1039100000F0F0F8204600F0A4F90020207706F02F
:103920000400042819D105F00400042815D1C0436F
:1039300021680861022020772068806900F44070C7
:1039400018B12046FFF7C6FF05E0204600F0D2F888
:10395000204600F086F90020207706F008000828AD
:1039600019D105F00800082815D1C0432168086165
:10397000042020772068C06900F0030018B12046B9
:10398000FFF7A8FF05E0204600F0B4F8204600F05D
:1039900068F90020207706F01000102819D105F0F2
:1039A0001000102815D1C043216808610820207735
:1039B0002068C06900F4407018B12046FFF78AFF04
:1039C00005E0204600F096F8204600F04AF9002075
:1039D000207706F0010048B105F0010030B16FF02A
:1039E000010021680861204600F0C2F906F080005D
:1039F000802809D105F08000802805D1C0432168C6
:103A000008612046FFF77EFD06F04000402809D1FE
:103A100005F04000402805D1C043216808612046D8
:103A200000F0B2F906F02000202809D105F02000AE
:103A3000202805D1C043216808612046FFF763FDB7
:103A400070BD000010B586B00446142101A8FCF733
:103A50005EFD2349206888421DD100BF00200090F0
:103A60002048006840F002001E49086008460068CF
:103A700000F00200009000BF00BF881501900220F6
:103A800002900020039004900220059001A916489E
:103A9000FEF73AFD21E01549206888421DD100BF9C
:103AA000002000900F48006840F080000D49086039
:103AB0000846006800F08000009000BF00BF4FF48F
:103AC000E050019002200290002003900490022018
:103AD000059001A90648FEF717FD06B010BD0000CD
:103AE000000800403038024000040240000C004052
:103AF000001C024070472DE9F04104460D46164671
:103B0000002700BF94F83C00012802D10220BDE844
:103B1000F081012084F83C0000BF36B1042E1BD098
:103B2000082E31D00C2E5ED145E02946206801F0E8
:103B3000C9FD2068806940F008002168886120681C
:103B4000806920F004002168886120688069296903
:103B500008432168886148E02946206801F0EAFDB1
:103B60002068806940F4006021688861206880696D
:103B700020F480602168886120688069296940EAB2
:103B800001202168886130E02946206801F010FE9C
:103B90002068C06940F008002168C8612068C069D9
:103BA00020F004002168C8612068C06929690843C1
:103BB0002168C86119E02946206801F035FE2068B7
:103BC000C06940F400602168C8612068C06920F4C1
:103BD00080602168C8612068C069296940EA0120C5
:103BE0002168C86101E0012700BF00BF00BF0020BD
:103BF00084F83C0000BF384689E710B504460CB98C
:103C0000012010BD94F83D0028B9002084F83C0044
:103C1000204600F025F8022084F83D00211D206890
:103C200001F0BAFC012084F8460000BF84F83E0091
:103C300001213F200155402001554120015500BF81
:103C400000BF012084F84200432001554420015563
:103C50004520015500BF012084F83D000020D0E739
:103C60007047704770B504460D4615B994F83E008C
:103C70000BE0042D02D13F20005D06E0082D02D1AB
:103C80004020005D01E04120005D012801D00120BD
:103C900070BD1DB9022084F83E000EE0042D03D152
:103CA00002213F20015508E0082D03D102214020C8
:103CB000015502E0022141200155012229462068D8
:103CC00001F0DAFC23492068884203D022492068A9
:103CD000884201D1012000E0002028B12068406C1A
:103CE00040F40040216848641A49206888421BD08B
:103CF0002068B0F1804F17D018492068884213D04F
:103D00001749206888420FD01649206888420BD096
:103D100011492068884207D013492068884203D09F
:103D20001249206888420CD12068806800F007069C
:103D3000062E0CD02068006840F001002168086061
:103D400005E02068006840F001002168086000205C
:103D50009EE7000000000140000401400004004014
:103D600000080040000C00400040014000180040E6
:103D700010B5044603492068884201D1FEF7CAFC09
:103D800010BD0000002000407047704770470000E1
:103D90002DE9F84F0446206805682068C668206849
:103DA00047694FF00009CA4605F00F09B9F1000F45
:103DB0000AD105F0200038B106F0200020B12046DD
:103DC00001F040FEBDE8F88FB9F1000F7CD007F09C
:103DD000010018B906F49070002875D005F00100B4
:103DE00030B106F4807018B1606C40F0010060647E
:103DF00005F0040030B107F0010018B1606C40F02C
:103E00000200606405F0020030B107F0010018B153
:103E1000606C40F00400606405F0080048B106F0F2
:103E2000200010B907F0010018B1606C40F00800E4
:103E30006064606C002846D005F0200028B106F0D0
:103E4000200010B1204601F0FDFD20684069C0F35C
:103E5000801A606C00F0080010B9BAF1000F2DD084
:103E6000204601F096FD2068406900F0400040289F
:103E700020D100BF00BF2168143151E8001F21F09C
:103E800040002168143141E80002002AF3D100BF4C
:103E9000E06B50B17F48E16B0865E06BFEF7F9F825
:103EA00088B1E06B016D88470DE02046FFF76EFF9B
:103EB00009E009E02046FFF769FF04E02046FFF72C
:103EC00065FF002060647DE7206B012878D105F054
:103ED0001000002874D006F010000028FAD000BFAF
:103EE00000200090206800680090206840680090E2
:103EF00000BF00BF2068406900F04000402870D13A
:103F0000E06B006840681FFA80F8B8F1000F58D0E5
:103F1000A08D404555DDA4F82E80E06BC069B0F55A
:103F2000807F43D000BF00BF21680C3151E8001FE3
:103F300021F4807021680C3141E80002002AF3D19D
:103F400000BF00BF00BF2168143151E8001F21F0FD
:103F500001002168143141E80002002AF3D100BFBA
:103F600000BF00BF2168143151E8001F21F040005C
:103F70002168143141E80002002AF3D100BF20205B
:103F800084F842000020206300BF00BF21680C318C
:103F900051E8001F21F0100021680C3141E80002B7
:103FA000002AF3D100BFE06BFEF71DF8022060632A
:103FB000A08DE28D801A81B22046FFF7E6FE0EE06A
:103FC00052E0A08D40450AD1E06BC069B0F5807F1A
:103FD00005D102206063A18D2046FFF7D6FEF1E6F1
:103FE000FFE7A08DE18D401A1FFA80F8E08DD0B375
:103FF000B8F1000F37D000BF00BF21680C3151E885
:10400000001F21F4907021680C3141E80002002A61
:10401000F3D100BF00BF00BF2168143151E8001F79
:1040200021F001002168143141E80002002AF3D197
:1040300000BF202084F842000020206300BF00BFA2
:1040400021680C3151E8001F21F0100021680C316B
:1040500041E80002002AF3D100BF0220606341461C
:104060002046FFF792FEADE605F0800030B106F085
:10407000800018B1204601F079FEA3E605F040006B
:1040800030B106F0400018B1204601F0B8FC99E6C6
:1040900000BF97E6CB58000810B504460CB90120C4
:1040A00010BDA06900B100E000BF94F8410028B93C
:1040B000002084F84000204600F02AF8242084F8EC
:1040C00041002068C06820F400502168C860204684
:1040D00001F036FD2068006920F4904021680861F5
:1040E0002068406920F02A00216848612068C06883
:1040F00040F400502168C86000206064202084F8EB
:10410000410084F842000020606300BFC8E700005F
:1041100010B586B00446142101A8FCF7F8F9C0498F
:10412000206888427ED100BF00200090BD48006812
:1041300040F01000BB4908600846006800F010001D
:10414000009000BF00BF00BF00200090B5481438A9
:10415000006840F00200B34914390860084600685E
:1041600000F00200009000BF00BF00BF00200090E0
:104170000846006840F0010008600846006800F04A
:104180000100009000BF00BF80200190022002903B
:1041900000200390032004900720059001A9A24865
:1041A000FEF7B2F94FF40070019002200290002057
:1041B0000390032004900720059001A99B48FEF777
:1041C000A3F99B489B4908604FF0006048600021BC
:1041D00098488160C1604FF48061016100214161B4
:1041E00081614FF48071C1614FF44031016200215F
:1041F0004162FEF783F808B1FDF771F900BF8D4801
:10420000E063846300BF8A4830308B4908604FF018
:10421000006048604021884881600021C1604FF4FF
:10422000806100E01CE00161002141618161C161A8
:104230004FF44031016200214162FEF75FF808B19E
:10424000FDF74DF900BF7C48A063846300BF0022E6
:1042500005212520FEF720FB2520FEF709FBDCE0E9
:104260007649206888425CD100BF002000906D48EC
:10427000001F006840F480206A49091F0860084652
:10428000006800F48020009000BF00BF00BF002045
:10429000009064481438006840F004006149143903
:1042A00008600846006800F00400009000BF00BFEE
:1042B0004FF44060019002200290012003900320FF
:1042C00004900720059001A95D48FEF71DF95D489F
:1042D0005D4908604FF00060486000215A488160E5
:1042E000C1604FF4806101610021416181614FF43F
:1042F0008071C1610902016200214162FDF7FEFF88
:1043000008B1FDF7ECF800BF4F48E063846300BFDD
:10431000002205212720FEF7BFFA2720FEF7A8FA82
:104320007BE04A492068884277D100BF0020009096
:104330003C48006840F020003A49086008460068A0
:1043400000F02000009000BF00BF00BF00200090E0
:1043500034481438006840F040003249143908608D
:104360000846006800F04000009000BF00BF4FF416
:1043700084400190022002900020039003200490CA
:104380000820059001A93248FEF7BEF82848603899
:10439000304908608005486000212E488160C16076
:1043A0004FF4806101610021416181614FF48071AE
:1043B000C161002101624162FDF7A0FF08B1FDF774
:1043C0008EF800BF2348E063846300BF18481830AC
:1043D000214908604FF02060486040211E488160FC
:1043E0000021C1604FF48061016100214161816160
:1043F000C16101624162FDF781FF08B1FDF76FF80D
:1044000000BF1548A063846300BF00220521472038
:10441000FEF742FA4720FEF72BFA06B010BD000067
:1044200000100140443802400004024000000240F5
:104430008864024044070020A40700200048004090
:1044400000080240286002400408002000140140D7
:104450000018024064080020C408002070470000D3
:10446000F7B50446154694F8410020283ED101983E
:1044700000B10DB90120FEBD01982062A584E5843C
:1044800000206064212084F841001948A16BC863B2
:104490001848A16B08641848A16BC8640020A16B80
:1044A000086501AE23681A1D31682B46A06BFDF725
:1044B000CEFF30B110206064202084F8410001203C
:1044C000D9E76FF040002168086000BF00BF216895
:1044D000143151E8001F41F080002168143141E897
:1044E0000002002AF3D100BF0020C4E70220C2E787
:1044F0002D59000885590008DD580008704770479D
:1045000000BFFEE72DED088B02F016FDD0E004F0B1
:104510003DF90028FAD10024C7E0664850F824008D
:10452000000E00EE100AB8EE400AB0EE40AA614854
:1045300050F82400C0F3074000EE100AB8EE400A1D
:10454000F0EE40AA5B4830F82400C0F3072000EEEC
:10455000100AB8EE400AB0EE40BA564810F82400EF
:1045600000EE100AB8EE400AF0EE40BA5149601C65
:1045700051F82000000E00EE100AF8EE400A08463E
:1045800050F82400000E00EE100AB8EE400A30EE9B
:10459000C00AB0EE408A601C51F82000C0F307400A
:1045A00000EE100AF8EE400A084650F82400C0F366
:1045B000074000EE100AB8EE400A30EEC00AF0EEF6
:1045C000408A601C31F82000C0F3072000EE100A7A
:1045D000F8EE400A084630F82400C0F3072000EE49
:1045E000100AB8EE400A30EEC00AB0EE409A601CE5
:1045F00011F8200000EE100AF8EE400A084610F804
:10460000240000EE100AB8EE400A30EEC00AF0EEC8
:10461000409A9FED290AC8EE000AB0EE608A9FED2D
:10462000260AC8EE800AF0EE608A9FED230AC9EEE2
:10463000000AB0EE609A9FED200AC9EE800AF0EE03
:10464000609A00252DE03AEE080AB0EE40AA3AEE54
:10465000A80AF0EE40AA3BEE090AB0EE40BA3BEEE3
:10466000A90AF0EE40BABCEECA0A10EE100A010622
:10467000BCEEEA0A10EE100A41EA0041BCEECB0A99
:1046800010EE100A41EA0020BCEEEB0A10EE101A00
:1046900040EA0106304602F087FC032003F010FDDB
:1046A0006D1CB5F5FA7FCEDB641C062CFFF635AF2A
:1046B0002DE70000E40000200000FA4310B50E488A
:1046C0000E4908600320486000210C488160C160E9
:1046D0004FF4102101614FF4001141610021017676
:1046E00041768176C17601774177FDF763FA08B1AB
:1046F000FCF7F5FE10BD00000064004074040020CB
:1047000010B50E480E4908600320486000210C488F
:104710008160C1604FF4102101614FF400114161CB
:104720000021017641768176C17601774177FDF7E8
:1047300041FA08B1FCF7D3FE10BD0000006800404C
:104740009C04002008B500BF002000902A480068A3
:1047500040F48000284908600846006800F48000A2
:10476000009000BF00BF00BF002000900846006816
:1047700040F4001008600846006800F40010009043
:1047800000BF00BF002205210C20FEF785F80C2099
:10479000FEF76EF8002205213920FEF77DF839205A
:1047A000FEF766F8002205213A20FEF775F83A2058
:1047B000FEF75EF8002205213B20FEF76DF83B2056
:1047C000FEF756F8002205214420FEF765F8442044
:1047D000FEF74EF8002205214520FEF75DF8452042
:1047E000FEF746F8002205214620FEF755F8462040
:1047F000FEF73EF808BD00003038024000B5A3B017
:104800001C221E491CA8FBF726FE00211CA803F051
:1048100068FC1B4908601C2218491C3115A8FBF7CD
:104820001AFE002115A803F05CFC164908601C2242
:10483000124938310EA8FBF70EFE00210EA803F036
:1048400050FC114908601C220C49543107A8FBF7A1
:1048500002FE002107A803F044FC0C4908601C225A
:10486000064970316846FBF7F6FD0021684603F003
:1048700038FC0749086023B000BD000070A30008A1
:10488000100000200000002004000020080000208C
:104890000C00002000B587B0142102A8FBF737FEFA
:1048A00000BF002001904248006840F002004049EB
:1048B00008600846006800F00200019000BF00BFD9
:1048C00000BF002001900846006840F040000860EA
:1048D0000846006800F04000019000BF00BF00BF24
:1048E000002001900846006840F00100086008467A
:1048F000006800F00100019000BF00BF00BF002071
:1049000001900846006840F008000860084600680A
:1049100000F00800019000BF00BF00BF0020019020
:104920000846006840F0040008600846006800F08F
:104930000400019000BF00BF00BF002001900846A6
:10494000006840F0800008600846006800F08000C1
:10495000019000BF00BF012210211648FDF7CEFED6
:10496000012211461448FDF7C9FE102002900120D3
:10497000039004900220059002A90E48FDF7C4FDA3
:10498000302002904FF4041003900120049002A9FB
:104990000A48FDF7B9FD012002900390049002201F
:1049A000059002A90448FDF7AFFD07B000BD000067
:1049B000303802400000024000040240000802407B
:1049C00010B50F480F4908604FF48270486000210D
:1049D0000C488160C16002210161012141614902ED
:1049E00081613821C16100210162416281620A2135
:1049F000C162FEF753FB08B1FCF771FD10BD00006A
:104A000000300140C404002000B58DB000200990A2
:104A10000A900B900C90079008901C216846FBF7B9
:104A200076FD204820490860A720486000211E48E4
:104A300081604FF6FF71C160002101618161FEF765
:104A4000BDFD08B1FCF74BFD4FF48050099009A95A
:104A50001548FEF7B9FE08B1FCF741FD1248FFF713
:104A6000CCF808B1FCF73BFD00200790089007A99F
:104A70000D48FEF749FD08B1FCF731FD60200090BC
:104A80000020019002900490082269460648FFF732
:104A900032F808B1FCF723FD0348FEF7D3FF0DB051
:104AA00000BD000000080040DC05002000B58DB00E
:104AB000002009900A900B900C90079008901C2100
:104AC0006846FBF724FD2848284908600020486014
:104AD0000021264881604FF6FF71C160002101610D
:104AE0008161FEF76BFD08B1FCF7F9FC4FF48050D3
:104AF000099009A91D48FEF767FE08B1FCF7EFFC15
:104B00001A48FFF77AF808B1FCF7E9FC0020079093
:104B1000089007A91548FEF7F7FC08B1FCF7DFFC81
:104B200060200090002001900290049000226946CD
:104B30000E48FEF7E0FF08B1FCF7D1FC04226946FD
:104B40000A48FEF7D8FF08B1FCF7C9FC08226946FD
:104B50000648FEF7D0FF08B1FCF7C1FC0348FEF79A
:104B600071FF0DB000BD0000000C004024060020C5
:104B700010B50B480B4908604FF4E1304860002144
:104B800008488160C16001610C214161002181619F
:104B9000C161FFF781FA08B1FCF7A1FC10BD00006C
:104BA000001001406C06002010B50A480A49086050
:104BB0000A484860002108488160C16001610C21F9
:104BC000416100218161C161FFF766FA08B1FCF71C
:104BD00086FC10BD00480040B4060020A0860100FD
:104BE00010B50B480B4908604FF4E13048600021D4
:104BF00008488160C16001610C214161002181612F
:104C0000C161FFF749FA08B1FCF769FC10BD00006B
:104C100000140140FC06002000BFFEE700BFFEE7D5
:104C200010B52DED028BB0EE408A0446FCF790FBE8
:104C300030EE480AF7EE000AB4EEE00AF1EE10FAA0
:104C400007DD0021204603F00FFA0020BDEC028BA7
:104C500010BD0121204603F007FA0120F6E700000D
:104C6000B0EE401AF0EE601A90ED080A80ED090AE5
:104C700010B99FEDE50A704790ED130A80ED140A14
:104C800090ED120A80ED130AC0ED061A80ED071AA6
:104C900031EEC10A80ED120A0178002976D190ED3B
:104CA000150AB5EEC00AF1EE10FA18DD90ED120A01
:104CB00090ED152AB4EEC20AF1EE10FA0FD290ED83
:104CC000120A90ED152AB1EE422AB4EEC20AF1EEB4
:104CD00010FA04DD9FEDCC0A80ED080A3CE190ED6E
:104CE000100A80ED110A90ED0F0A80ED100A90ED88
:104CF000120A90ED132A30EE420A80ED0F0A90ED71
:104D0000160AB7EE002AB4EE420AF1EE10FA4BD1C1
:104D100000213DE0026E02EB011292ED002A90EDBF
:104D2000120AB5EEC00AF1EE10FA02DD90ED120A99
:104D300003E090ED120AB1EE400AB4EEC02AF1EEA3
:104D400010FA24DB026E02EB011292ED010A90EDE3
:104D5000122A20EE020A80ED0C0A026E02EB01120A
:104D600092ED022AD0ED122A90ED0D0A02EE220AEF
:104D700080ED0D0A026E02EB011292ED030A90ED36
:104D80000F2A20EE020A80ED0E0A0CE080E0491C9A
:104D900090ED172A00EE101AB8EEC00AB4EEC02A41
:104DA000F1EE10FAB6DC19E090ED010A90ED122A4E
:104DB00020EE020A80ED0C0A90ED0D0A90ED022A19
:104DC000D0ED122A02EE220A80ED0D0A90ED030AC0
:104DD00090ED0F2A20EE020A80ED0E0A90ED0D0AEA
:104DE00090ED052AB4EEC20AF1EE10FA04DD90ED62
:104DF000050A80ED0D0A10E090ED0D0A90ED052AF0
:104E0000B1EE422AB4EEC20AF1EE10FA05D290EDEC
:104E1000050AB1EE400A80ED0D0A90ED0C0A90ED06
:104E20000D2A30EE020A90ED0E2A30EE020A80EDD5
:104E3000080A90ED0D0A90ED122A20EE020AB5EE56
:104E4000C00AF1EE10FA03D29FED6F0A80ED0D0A51
:104E500090ED080A90ED042AB4EEC20AF1EE10FAC1
:104E600004DD90ED040A80ED080A75E090ED080A73
:104E700090ED042AB1EE422AB4EEC20AF1EE10FA25
:104E80006AD290ED040AB1EE400A80ED080A63E0B0
:104E90000178012960D190ED120A90ED132A30EECD
:104EA000420A90ED012A20EE020A80ED0C0A90EDF4
:104EB000020A90ED122A20EE020A80ED0D0A90ED12
:104EC000100A80ED110A90ED0F0A80ED100A90EDA6
:104ED000120A90ED132AF0EE002A02EEC20A90EDBB
:104EE000142A30EE020A80ED0F0A90ED030A90EDCD
:104EF0000F2A20EE020A80ED0E0A90ED0C0A90EDCA
:104F00000D2A30EE020A90ED0E2A30EE020A90EDE4
:104F1000082A30EE020A80ED080A90ED080A90EDAA
:104F2000042AB4EEC20AF1EE10FA04DD90ED040A90
:104F300080ED080A10E090ED080A90ED042AB1EE29
:104F4000422AB4EEC20AF1EE10FA05D290ED040A3C
:104F5000B1EE400A80ED080A90ED080A90ED092AAA
:104F600070EE420A90ED090AB5EEC00AF1EE10FAB1
:104F700023DB90ED0A0AB4EEE00AF1EE10FA08D253
:104F800090ED090A90ED0A2A30EE020A80ED080A37
:104F900036E090ED0B0ABFEE002A20EE020AB4EED6
:104FA000E00AF1EE10FA2BDD90ED090A90ED0B2AE4
:104FB00030EE420A80ED080A22E090ED0A0ABFEEC8
:104FC000002A20EE020AB4EEE00AF1EE10FA08DD43
:104FD00090ED090A90ED0A2A30EE420A80ED080AA7
:104FE0000EE090ED0B0AB4EEE00AF1EE10FA07D2F3
:104FF00090ED090A90ED0B2A30EE020A80ED080AC6
:1050000090ED080A37E600000000000000B102B988
:1050100070470170D2ED002AC0ED012AD2ED012ABD
:10502000C0ED022AD2ED022AC0ED032A80ED040A67
:10503000C0ED050ADFED122AC0ED112AC0ED102ADD
:10504000C0ED0F2ADFED0E2AC0ED092AC0ED082AB7
:10505000C0ED0E2AC0ED0D2AC0ED0C2AC0ED142AB9
:10506000C0ED132AC0ED122A80ED0A1AC0ED0B1A0A
:1050700080ED152ADFED022AC0ED162A00BFC7E732
:1050800000000000F7EE000AC0ED160A016680ED90
:10509000170A704710B5044604B910BD207861782E
:1050A00040EA0120C0F30A002D49096808806078B1
:1050B000C010A17840EA4110C0F30A0028490968ED
:1050C0004880A0788011E17840EA8100217940EAA7
:1050D0008120C0F30A0022490968888020794010A5
:1050E000617940EAC110C0F30A001D490968C8800F
:1050F0001B4800680088A0F5806000B21849096864
:105100000880174800684088A0F5806000B2144904
:1051100009684880124800688088A0F5806000B265
:105120000F49096888800E480068C088A0F5806033
:1051300000B20B490968C8806079C0F301100849C2
:105140000968087260790011800805490968487289
:10515000FCF7FEF80248006880ED030A00BF9CE7F8
:105160001C0200207CB504460E461546334601223B
:1051700002212046009500F039F828B1606D40F01A
:105180002000606503207CBD164800681821B0FB34
:10519000F1F01549B0FBF1F04FF47A7148430190FA
:1051A0006068B0F5827F0DD1334600228021204611
:1051B000009500F01BF898B1606D40F0200060652C
:1051C0000320E0E700BF019800B908E00198401E05
:1051D000019020688068C0F3C0100028F3D100BFA0
:1051E0000020D0E72400002040420F002DE9F84FB6
:1051F00004460D4690461E46DDF82890FDF784FAD9
:10520000A0EB0900371AFDF77FFA82462C480068A8
:10521000C0F3CB307843009046E0701C002843D0A8
:10522000FDF772FAA0EB0A00B84200D2A7BB2068D3
:10523000406820F0E000216848606068B0F5827F37
:105240000DD1A068B0F5004F03D0A068B0F5806F15
:1052500005D12068006820F0400021680860A06A3D
:10526000B0F5005F0DD100BF2068006820F4005049
:10527000216808602068006840F4005021680860D8
:1052800000BF012084F8510000BF002084F85000C6
:1052900000BF0320BDE8F88FFFE7009808B900279A
:1052A00002E00098401E0090206880682840A842D4
:1052B00001D1012000E000204045AED10020E9E707
:1052C0002400002000BF012002F0FAFEFBE70000EE
:1052D00010B500BF502080F31188BFF34F8FBFF38C
:1052E0006F8F00BF04F0CCF818B14FF08050044924
:1052F000086000BF002080F3118800BF10BD0000CF
:1053000004ED00E000B593B0302107A8FBF7FFF8EB
:10531000142102A8FBF7FBF800BF002001902448ED
:10532000006840F08050224908600846006800F09C
:105330008050019000BF00BF00BF002001901D48B9
:10534000006840F480401B4908600846006800F48B
:105350008040019000BF00BF01200790000408902A
:1053600002200D9041050E9106210F91A821109168
:10537000022111910421129107A8FDF741FC08B107
:10538000FCF7ADF80F20029002200390002004905B
:105390004FF4A05005904FF480500690052102A8CC
:1053A000FDF7CCFA08B1FCF79AF813B000BD000085
:1053B00040380240007000400348006840F470002C
:1053C000014908607047000088ED00E02DED028B78
:1053D0008AB09FED380AB0EE408A0020079008900E
:1053E000099004900590069001900290039002F0BD
:1053F000FFFA044602F03EFB074602F0FDFA0646BD
:1054000002F030FB054654E0D6ED030AB0EE600A28
:105410000220FFF705FC80B3314604F1780000F06C
:1054200051F896ED030A84ED0B0AA88908B9E888BB
:10543000A881E888A989401A00EE100AF8EEC00A8F
:105440009FED1D1A80EE810ADFED1C0A20EE200A76
:10545000F0EE408A03F01EFAB0EE408AD6ED000A64
:1054600070EE880AB0EE600A03F014FA8DED070AB8
:1054700007A904F1300000F025F8D7ED030AB0EEDB
:10548000600A0320FFF7CCFB40B1394604F1540019
:1054900000F018F897ED030A84ED0A0A0848FBF7B4
:1054A000F9F8074890ED050A84ED060A012002F09C
:1054B00007FEA9E700000000000000470000344399
:1054C0006C4B002091ED000A80ED010A91ED010A7C
:1054D00080ED020A91ED020A80ED000A90ED010ACA
:1054E000DFED250A80EE201A80ED041A90ED020A05
:1054F000DFED210A80EE201A80ED051A90ED000AFA
:10550000DFED1D0A80EE201A80ED031A90ED010AEE
:10551000D0ED080A30EE600ADFED180AB4EEE00ABA
:10552000F1EE10FA04DD828B521E12B2828310E07B
:1055300090ED010AD0ED080A30EE600ADFED100AA6
:10554000B4EEE00AF1EE10FA03D2828B521C12B2D2
:10555000828390ED010AB0F91C2000EE902AF8EE4B
:10556000E00A9FED081A01EE200A80ED060A90ED90
:10557000010A80ED080A7047E12E654200003443BD
:10558000000034C30000B44310B50248FEF7A3F98D
:1055900010BD00002409002010B502682B4B984272
:1055A0000ED0B0F1804F0BD0294B984208D0294B38
:1055B000984205D0284B984202D0284B984203D1FC
:1055C00022F070024B681A43204B984220D0B0F171
:1055D000804F1DD01E4B98421AD01E4B984217D0B8
:1055E0001D4B984214D01D4B984211D01C4B984231
:1055F0000ED01C4B98420BD01B4B984208D01B4B33
:10560000984205D01A4B984202D01A4B984203D1C7
:1056100022F44072CB681A4322F080034C6943EABB
:1056200004028B68C3620B688362084B984202D005
:105630000A4B984201D10B690363036843F00403EA
:10564000036001234361026010BD000000000140BF
:105650000004004000080040000C0040000401402D
:105660000040014000440140004801400018004053
:10567000001C00400020004030B501F01F0501244F
:1056800004FA05F3046A9C430462046A01F01F05EE
:1056900002FA05F52C43046230BD30B50C46816832
:1056A00021F47F4142EA032525432943816030BD2F
:1056B0000A46816821F0700142F0070319438160B6
:1056C0007047000030B5026A056A25F001050562E1
:1056D0004368846924F0700424F003040D682C43AB
:1056E00022F002028D682A43104DA84200D103E047
:1056F0000F4DA84206D100BF22F00802CD682A4310
:1057000022F00402094DA84202D0094DA84207D157
:1057100023F4807323F400734D692B438D692B436D
:10572000436084614D684563026230BD0000014002
:105730000004014030B5026A056A25F010050562D3
:105740004368846924F4E04424F440740D6844EA16
:10575000052422F020028D6842EA0512124DA8426B
:1057600000D103E0114DA84207D100BF22F0800212
:10577000CD6842EA051222F040020B4DA84202D049
:105780000A4DA84209D123F4806323F400634D69D4
:1057900043EA85038D6943EA8503436084614D686C
:1057A0008563026230BD000000000140000401403A
:1057B00030B5026A056A25F4807505624368C469DC
:1057C00024F0700424F003040D682C4322F40072CA
:1057D0008D6842EA0522124DA84200D103E0114D26
:1057E000A84207D100BF22F40062CD6842EA052238
:1057F00022F480620A4DA84202D00A4DA84209D183
:1058000023F4805323F400534D6943EA05138D6953
:1058100043EA05134360C4614D68C563026230BD4D
:10582000000001400004014030B5036A056A25F418
:10583000805505624468C26922F4E04222F4407255
:105840000D6842EA052223F400538D6843EA0533CC
:10585000084DA84202D0084DA84204D124F4804447
:105860004D6944EA85144460C2614D680564036271
:1058700030BD0000000001400004014030B50B467F
:105880001446026A056A25F001050562816921F066
:10589000F00141EA041122F00A021A438161026216
:1058A00030BD30B50B461446026A056A25F0100576
:1058B0000562816921F4704141EA043122F0A002BD
:1058C00042EA03128161026230BD70B50446A56BE5
:1058D0000020E8852846FEF759FA70BD70B50646E7
:1058E0000025B46B20684069C0F3C01594F84100EE
:1058F000212805D125B10020E084204600F08FF852
:1059000020684069C0F3801594F84200222805D130
:1059100025B10020E085204600F03BF8606C40F0A7
:10592000100060642046FEF731FA70BD70B5054680
:10593000AC6B2868006800F48070F8B90020E0843F
:1059400000BF00BF2168143151E8001F21F0800022
:105950002168143141E80002002AF3D100BF00BFE2
:1059600000BF21680C3151E8001F41F04000216860
:105970000C3141E80002002AF3D102E02046FEF794
:10598000BDFD70BD70B50446A56B2846FEF7B7FD9A
:1059900070BD00BF00BF02680C3252E8002F22F435
:1059A000907102680C3242E80013002BF3D100BF63
:1059B00000BF00BF0268143252E8002F22F001013C
:1059C0000268143242E80013002BF3D100BF016BD0
:1059D00001290ED100BF00BF02680C3252E8002F2F
:1059E00022F0100102680C3242E80013002BF3D1C0
:1059F00000BF202180F8421000210163704710B5DC
:105A000004462068C06820F040002168C86020205B
:105A100084F841002046FEF771FD002010BD00BF54
:105A200000BF02680C3252E8002F22F0C001026869
:105A30000C3242E80013002BF3D100BF202180F884
:105A400041107047F8B504460025002694F842003E
:105A5000222873D1A068B0F5805F0BD1206948B9C6
:105A6000A66A20684068C0F308003080A06A801CE5
:105A7000A06214E0A56AA068B0F5805F03D0A068BA
:105A800028B9206918B920684068287004E02068A7
:105A9000406800F07F002870A06A401CA062E08D82
:105AA000401E80B2E085002846D12068C06820F002
:105AB00020002168C8602068C06820F480702168D8
:105AC000C8602068406920F00100216848612020FA
:105AD00084F8420000206063206B012826D100205A
:105AE000206300BF00BF21680C3151E8001F21F086
:105AF000100021680C3141E80002002AF3D100BFF8
:105B00002068006800F0100010280AD100BF0020B3
:105B1000009020680068009020684068009000BFF6
:105B200000BFA18D2046FEF730F902E02046FEF7C7
:105B300095FC0020F8BD01E00020FBE70220F9E71A
:105B40002DE9F84F04462068006920F44050E168D0
:105B50000843216808612169A06808436169084316
:105B6000E169084300902068C06849F20C618843ED
:105B7000009908432168C8602068406920F440709B
:105B8000A16908432168486176492068884203D0AA
:105B900075492068884203D1FCF7CAFF814602E0BC
:105BA000FCF7B6FF8146E069B0F5004F6CD10220EA
:105BB0006168A0FB015003461920A9FB0070014653
:105BC0002A463846FAF7D0FB6421B0FBF1F04FEAE1
:105BD000001A02206168A0FB01510B461920A9FBA5
:105BE00000712A463846FAF7BFFB834602206168F7
:105BF000A0FB015003461920A9FB00712A46384634
:105C0000FAF7B2FB6421B0FBF1F000EBC00101EB4D
:105C10000010ABEB8000322101EBC0006421B0FB2F
:105C2000F1F000F0F8000AEB400A02206168A0FBE6
:105C3000015003461920A9FB007001462A46384648
:105C4000FAF792FB834602206168A0FB01500346ED
:105C50001920A9FB00712A463846FAF785FB642112
:105C6000B0FBF1F000EBC00101EB0010ABEB8000EA
:105C7000322101EBC0006421B0FBF1F000F007001D
:105C80005044216888606AE004206168A0FB0150EC
:105C900003461920A9FB007001462A463846FAF748
:105CA00063FB824604206168A0FB01500346192073
:105CB000A9FB007001462A463846FAF755FB6421D5
:105CC000B0FBF1F000EBC00101EB0010AAEB80008B
:105CD000322101EB00106421B0FBF1F000F0F00A7A
:105CE00004206168A0FB017003461920A9FB005144
:105CF0003A462846FAF738FB6421B0FBF1F00AEB8C
:105D0000001A04206168A0FB01510B461920A9FB71
:105D100000712A463846FAF727FB8346042061685B
:105D2000A0FB015003461920A9FB007001462A463A
:105D30003846FAF719FB6421B0FBF1F000EBC00123
:105D400001EB0010ABEB8000322101EB001064216D
:105D5000B0FBF1F000F00F00504421688860BDE80E
:105D6000F88F00000010014000140140014691F836
:105D70004100212828D18868B0F5805F0BD10869DF
:105D800048B90A6A1088C0F308000B685860086AAE
:105D9000801C086205E00B6A581C086218780B68C2
:105DA0005860C88C401E80B2C88458B90868C06862
:105DB00020F080000B68D8600868C06840F04000A0
:105DC0000B68D860002070470220FCE708B5404807
:105DD0000068006800F0200060B100BF0020009063
:105DE0003B480068006800903948006840680090AF
:105DF00000BF6CE03748006800F01000002866D053
:105E000000BF0020009032480068006800903048D1
:105E100000684068009000BF00BF2F48006800681D
:105E200000F4002050BB2C480068006820F00100FE
:105E3000294909680860284800684068C0F12C00BA
:105E4000264908802C2024490968486022480068B7
:105E5000006840F400202049096808601E48006876
:105E6000006840F001001C49096808601B48008870
:105E700016282CD11A4802F0B9FE28E0164800680E
:105E8000006820F0010014490968086012480068A1
:105E90004068C0F12C00114908802C200E49096887
:105EA00048601048006820F400200E4908600A4845
:105EB0000068006840F00100074909680860074869
:105EC0000088162803D106482C3002F08FFE08BD4A
:105ED0006C0600200010014044070020E000002074
:105EE0005C4600208864024010B5034802F0AAFD19
:105EF0000148FDF74DFF10BDB406002010B502F0BB
:105F000013FF0248FDF744FF10BD0000FC0600200F
:105F100000BFFEE770B505460C4600260DB1022C09
:105F200001D8002070BDA11E4FF6FF722846FBF776
:105F3000D9FA064607480680F1B2A01E285C8142C5
:105F400006D1601E285CB0EB162F01D10120E9E7D5
:105F50000020E7E70401002070B505460C46002646
:105F60000DB1022C01D8002070BD611EFF22284611
:105F7000FBF7D2FA0646601E285CB04201D1012030
:105F8000F2E70020F0E703B401984100009850EADE
:105F9000C12018BF04204A0D18BF40F0010040F294
:105FA000FF72B2EB515F08BF40F00200012808BF4A
:105FB000052002B07047000002480068C0F30220CC
:105FC000704700000CED00E010B5002804DB0A0764
:105FD000130E054A135406E00A07140E034A00F094
:105FE0000F031B1FD45410BD00E400E018ED00E0C7
:105FF00070B59B482DED020B2DED068B079D25F00E
:106000000044A04218DC9748844202DC0AD106987A
:1060100040B19DED060BBDEC068B02B0BDE87040B3
:1060200000F056BF002DCCBF9FED8F0B9FED900B66
:10603000BDEC068B02B070BD8F48A04215DD8F48C5
:10604000A042D8BF4FF0FF3458DD9DED060B51EC58
:10605000100BFFF798FF042808BF00F05DFF9DEDCF
:10606000060BBDEC068B02B070BD9DED060B51EC2E
:10607000100B01F061FCCDE9060181489FED828B98
:10608000A0423CDD8248A0421FDD00249FED82AB90
:106090009DED060B53EC1A2B51EC100B03F054FB47
:1060A0009DED060B41EC190B53EC1A2B51EC100B28
:1060B00003F0ECFD53EC182B03F0F4FF53EC192B19
:1060C00003F0F6FBCDE9060149E09DED060B012446
:1060D00053EC182B51EC100B03F036FB9DED060B27
:1060E00041EC190B53EC182B51EC100B03F0DAFFB9
:1060F00053EC192B03F0DCFBCDE906012FE06848D7
:10610000A0421FDD02249FED689B9DED060B53EC22
:10611000192B51EC100B03F0B9FD53EC182B03F0C5
:1061200013FB9DED060B41EC180B53EC192B51ECB6
:10613000100B03F0B7FF53EC182B03F0B9FBCDE9BC
:1061400006010CE09DED060B032453EC102B9FED94
:10615000580B51EC100B03F0ABFBCDE906019DEDA4
:10616000060B53EC102B51EC100B03F08FFD41ECA0
:10617000180B53EC182B03F089FD41EC190B4E481A
:106180000621B0EE490AF0EE690A784400F08CFD71
:1061900053EC182B51EC100B03F078FD41EC180B6D
:1061A0004648B0EE490AF0EE690A0521784400F04D
:1061B0007BFD53EC192B51EC100B03F067FD41EC08
:1061C000100B51EC180B53EC102B002C0EDA03F0D3
:1061D000BBFA9DED061B53EC112B03F057FD9DED13
:1061E000061B53EC112B03F085FE35E003F0ACFAEF
:1061F0009DED061B53EC112B03F048FD41EC100BF9
:106200002F48784400EBC40090ED001B51EC100BBC
:1062100053EC112B03F046FF9DED061B53EC112BA5
:1062200003F040FF41EC100B2648784400EBC4001B
:1062300090ED001B51EC100B53EC112B03F05AFEA8
:1062400041EC100B002DA2BFBDEC068B02B070BD5F
:1062500051EC100B03F03AFA41EC100B01E700008F
:10626000000010440000F07F182D4454FB21F93F3A
:10627000182D4454FB21F9BF0000DC3F0000203EF4
:106280000000F33F00000000000000000000F03FAD
:106290000000E63F00000000000000000000004099
:1062A0000080034000000000000000000000F83FF4
:1062B000000000000000F0BFFA450000B0450000FB
:1062C0003A450000F244000070B56B4E2DED040B12
:1062D0002DED028B82B0DDF81CC0DDE905235C42A8
:1062E0002CF000411C4341EAD474049D22F000408C
:1062F000B44205D86C422C4340EAD474B4420BD962
:106300009DED061B9DED040B02B0BDEC028B04B0AD
:10631000BDE8704000F0E6BDACF14054A4F17F64EC
:106320001C430BD0022404EAAC7444EAD274054343
:106330009FED538B9FED542B07D015E09DED040B83
:1063400051EC100B00F064FE42E0002C11BF012C58
:106350009DED040B02B0BDEC028B04BF04B070BD18
:10636000022C38D0032C3BD00B439FED491B9FEDF3
:106370004A0B0AD0B14218D1B04209D121F0804174
:1063800020F08040079105900FE0002A15DA10E018
:10639000434B7B44002C08BF93ED000B0DD0012C28
:1063A00010D0022C17D0032C1AD0B0421DD1002AD5
:1063B00003DAB0EE410AF0EE610A02B0BDEC028BE6
:1063C00004B070BD93ED000B51EC100B03F07EF99F
:1063D00041EC100BF1E7B0EE480AF0EE680AECE78A
:1063E000B0EE420AF0EE620AE7E7401A00153C28D8
:1063F000C8BF8DED000B19DCBCF1000FBEBF10F162
:106400003C0F9FED290B8DED000B0FDB9DED060B77
:1064100053EC102B9DED040B51EC100B03F048FADC
:1064200001F08AFA00F0F4FDCDE90001002C08BF6C
:106430009DED000BC1D0012C10D0022C9FED1C0B48
:1064400053EC102B9DED000B51EC100B0DD003F015
:1064500029FE53EC182B03F025FEB9E7019880F0D4
:10646000004001909DED000BA7E703F01BFE53ECED
:10647000182B03F03FFDABE70000F07F00000000A9
:10648000182D4454FB210940182D4454FB2109C008
:10649000182D4454FB21F9BF182D4454FB21F93F1A
:1064A0005244000000000000000000000000000056
:1064B000075C143326A6A13C10B52F499FED2C1B79
:1064C0002DED020B84B0059820F000408842D8BF23
:1064D0009DED040B2DDD2949884209D1049840B96E
:1064E0004FF00100FAF742F800F006FD06B010BDCB
:1064F00005DB9DED040B00F0EBFC06B010BD68461B
:106500009DED040B00F0FCF810F0030004BF9DEDBE
:10651000021B9DED000B0CD001280ED09DED021B3F
:106520009DED000B022817D0012000F039FC06B0C9
:1065300010BD00F001FB06B010BD9DED021B9DEDEE
:10654000000B012000F02CFC51EC100B03F0BEF806
:1065500006B041EC100B10BD00F0EEFA51EC100B40
:1065600003F0B4F806B041EC100B10BD00000000C1
:106570000000000000000000FB21E93F0000F07F68
:1065800010B52F499FED2C1B2DED020B84B0059803
:1065900020F000408842DCBF00209DED040B32DD7E
:1065A0002849884209D1049840B94FF00100F9F711
:1065B000DDFF00F0A1FC06B010BD05DB9DED040B76
:1065C00000F086FC06B010BD68469DED040B00F09F
:1065D00097F810F0030011D0012818D09DED021B90
:1065E0009DED000B02281AD000F0A6FA51EC100B1A
:1065F00003F06CF806B041EC100B10BD9DED021BD2
:106600009DED000B012000F0CBFB06B010BD9DED11
:10661000021B9DED000B00F08FFA06B010BD0120AB
:1066200000F0BEFB51EC100B03F050F806B041EC4B
:10663000100B10BD00000000000000000000000072
:10664000FB21E93F0000F07F00B52DED048BB0EE9B
:10665000409AF0EE609A83B051EC190B03F056FCAF
:1066600041EC180B18EE100A18EE901A8DED008B05
:10667000002818BF0120084320F00040C0F17F60CF
:1066800000F1E040C00F14D019EE101A19EE900A74
:106690008DED009B002918BF0121084320F0004028
:1066A000C0F17F6000F1E040C00F04BF0120F9F7A6
:1066B0005DFFB0EE480A03B0F0EE680ABDEC048B53
:1066C00000BD10B52DED028BB1EEC08A18EE100A98
:1066D00020F00040C0F1FF40C00F0AD010EE100AB9
:1066E00020F00040C0F1FF40C00F04BF0120F9F7C7
:1066F0003DFFB0EE480ABDEC028B10BD000000006B
:106700002DE9F14F04462DED020B2DED088B8AB0DB
:106710009FEDE70B80ED020B139EE74826F0004546
:1067200085420ADC9DED120B002084ED000B0AB0BF
:10673000BDEC088B03B0BDE8F08FE0489FEDE0AB07
:106740009FEDE1BBA84247DDE14F9FEDE39B9FED4D
:10675000E48B9DED120B53EC1A2B51EC100B002E19
:106760001CDD03F09FFC41EC100BBD4208D053EC44
:106770001B2B51EC100B03F095FCC4E900010BE05E
:1067800053EC192B51EC100B03F08CFC53EC182B31
:1067900003F088FCC4E900010120C8E702F0D4FF3F
:1067A00041EC100BBD4208D053EC1B2B51EC100BED
:1067B00002F0CAFFC4E900010BE053EC192B51ECC5
:1067C000100B02F0C1FF53EC182B02F0BDFFC4E91F
:1067D00000014FF0FF30AAE7C348A84279DB9DEDE6
:1067E000120B51EC100B01F0A7F841EC180B9FEDC8
:1067F000C00B53EC102B03F049FA9FEDBF1B53EC79
:10680000112B02F0A1FF03F0ABF9074603F0D7F913
:1068100041EC190B53EC1A2B03F038FA53EC182BFC
:1068200003F068FB41EC180B53EC1B2B51EC190BDC
:1068300003F02CFADFF8C8A241EC100B4FEA155810
:106840000125FA4453EC102B51EC180B03F02AFCF1
:10685000032DC4E900013DD0C1F30A5005EB4511F9
:10686000A8EB00001139814234DA0AEB051BB0EEC7
:1068700048AA9BED000BF0EE68AA53EC102B51ECEC
:10688000190B03F003FA41EC1B0B51EC1A0B53EC00
:106890001B2B03F007FC41EC180B51EC1A0B53ECCB
:1068A000182B03F0FFFB53EC1B2B03F0FBFB9BEDC2
:1068B000020B41EC1A0B53EC102B51EC190B03F0AB
:1068C000E5F953EC1A2B03F0EDFB41EC100B6D1CBA
:1068D000B8E70EE0002EA8BF3846BFF628AF94ED0B
:1068E000000B51EC100B02F0F1FEC4E900017842FC
:1068F0001DE7C6F3130040F4801EC6F30A50A0F251
:10690000F530471100F01F05C5F12000DDF848B053
:1069100008900020069007900520EC467949002D4C
:1069200007EB0002794408BF51F8221009D051F852
:10693000223001EB8201AB404A68089922FA01F14A
:106940001943A1FB0E26A1FB0B131A449A4234BF34
:106950000123002303EB06080CEB8003D3E901A617
:106960000E448E4234BF0121002192448A4411B169
:10697000924502D903E0924501D2012100E00021B5
:10698000C3E901A641444CF82010011EA0F101000A
:10699000C4DC029800F10050850F0298DDE903671E
:1069A0008000DDF8148003F00AF941EC1A0B304640
:1069B00003F01CF99FED541B53EC112B03F066F907
:1069C00041EC1B0B384603F011F99FED511B53ECC2
:1069D000112B03F05BF941EC180B404603F006F96C
:1069E0009FED4D1B53EC112B03F050F941EC190BAB
:1069F00051EC180B53EC192B02F0A6FE53EC1B2B99
:106A000002F0A2FE53EC1A2B02F09EFECDE9080123
:106A1000002008909DED080B53EC1A2B51EC100B45
:106A200003F040FB53EC1B2B03F03CFB53EC182B07
:106A300003F038FB53EC192B03F05CFA9FED381B85
:106A400053EC112B03F022F99FED370B41EC180B9F
:106A500053EC102B9DED080B51EC100B03F016F9C5
:106A600053EC182B02F070FE9FED310B41EC180B2C
:106A700053EC102B9DED080B51EC100B03F006F9B5
:106A800053EC182B02F060FE41EC100B139810F041
:106A9000004F06D06D4251EC100B02F017FE41EC96
:106AA000100B284684ED000B41E6000000000000BA
:106AB0000000000000000000FB21E93F7CD90240FB
:106AC00000004054FB21F93F3163621A61B4D03DAC
:106AD000FB21F93F000000000000601A61B4D03DC6
:106AE0007370032E8A19A33BFB213941000000007B
:106AF00083C8C96D305FE43F000000000000E03F44
:106B0000AA3F0000F83E0000000000000000103E18
:106B1000000000000000103C000000000000103ADF
:106B2000182D4454FB21F93D3326A611460B113C88
:106B300000000054FB21F93D10B52DED040B2DEDA7
:106B4000088B82B0B0EE419AF0EE619A0B9820F07B
:106B500000449FED4BABB4F1795F11DA9DED0A0B68
:106B600051EC100B02F0FCFF002801BFB0EE4A0A06
:106B7000F0EE6A0A02B0BDEC088B04BF04B010BD91
:106B80009DED0A0B53EC102B51EC100B03F07EF82B
:106B900041EC180B3C480621B0EE480AF0EE680ABA
:106BA000784400F081F853EC182B51EC100B03F0F3
:106BB0006DF89DED0A0B41EC1B0B53EC192B51ECBE
:106BC000100B03F063F841EC190B53EC1B2B51EC49
:106BD000180B03F05BF853EC192B03F063FA9FEDED
:106BE0002C0B41EC190B53EC102B51EC180B03F050
:106BF0004DF841EC100B2848844210DA53EC192B65
:106C000051EC100B03F04EFA53EC1A2B03F072F90F
:106C100041EC100B02B0BDEC088B04B010BD1F4856
:106C2000A042BCBF9FED1E1B8DED001B06DBA4F533
:106C300000100190002000909DED001B51EC100B06
:106C400053EC112B03F02EFA9DED000B41EC180BC9
:106C500053EC102B51EC1A0B03F024FA41EC1A0BF5
:106C600053EC192B51EC180B03F01CFA53EC1A2BB4
:106C700003F040F941EC100BCCE7000000000000ED
:106C8000000000000000F03F143C00000000000085
:106C9000000000000000E03F3333D33F0000E93F35
:106CA000000000000000D23F70B504462DED028BBD
:106CB0004D1E00EBC500B0EE408AF0EE608A90ED0C
:106CC000000B35F0060017D053EC182B51EC100BCD
:106CD00002F0DCFF41EC100B6D1E04EBC50090EDE3
:106CE000001B51EC100B53EC112B02F02DFD41EC6D
:106CF000100B35F00600E7D1022D36D0042D1CD044
:106D0000062D1CBFBDEC028B70BD53EC182B51EC53
:106D1000100B02F0BBFF94ED0A1B53EC112B02F099
:106D200013FD53EC182B02F0B1FF94ED081B53EC4C
:106D3000112B02F009FD41EC100B53EC182B51EC18
:106D4000100B02F0A3FF94ED061B53EC112B02F085
:106D5000FBFC53EC182B02F099FF94ED040B53EC61
:106D6000102B02F0F1FC41EC100B53EC182B51EC02
:106D7000100B02F08BFF94ED021B53EC112B02F071
:106D8000E3FC53EC182B02F081FF94ED001B53EC55
:106D9000112B02F0D9FCBDEC028B41EC100B70BD45
:106DA00031B504462DED040B2DED0A8BB0EE41BA42
:106DB000F0EE61BA0B989DED0A0B20F00040B0F1A7
:106DC000795F0DDA51EC100BFFF7DDF8042808BFEE
:106DD00000F0A2F89DED0A0BBDEC0A8B05B030BDAA
:106DE00053EC102B51EC100B02F050FF41EC180B40
:106DF0009DED0A0B53EC182B51EC100B02F046FFE3
:106E000041EC190B2C48B0EE480AF0EE680A052157
:106E10007844FFF749FF9FED2ACBB0EE40AAF0EE91
:106E200060AA9CB353EC1C2B51EC190B02F02EFF03
:106E300041EC1C0B53EC1A2B51EC190B02F026FF02
:106E40009FED210B41EC190B53EC102B51EC1B0B5C
:106E500002F01CFF53EC192B03F024F953EC182B10
:106E600002F014FF53EC1B2B03F01CF953EC1C2B0A
:106E700003F018F99DED0A1B53EC112B03F03AF8BF
:106E8000BDEC0A8B05B041EC100B30BDFFE753ECB5
:106E90001A2B51EC180B02F0F9FE53EC1C2B02F0EC
:106EA00053FC53EC192B02F0F1FE9DED0A1B53EC41
:106EB000112B02F049FCE3E7A43A000000000000B7
:106EC000495555555555C5BF000000000000E03F2D
:106ED00010B553EC102B51EC100B02F035FC41ECCB
:106EE000100B10BD10B553EC112B51EC100B02F030
:106EF0002BFC41EC100B10BD9FED050B10B553ECB6
:106F0000102B51EC100B02F0D3FC41EC100B10BD18
:106F100000000000000000009FED050B10B553ECD1
:106F2000102B51EC100B02F0B1FE41EC100B10BD18
:106F3000000000000000001010B50848FCF7A2FB9C
:106F400000210648FCF78EFE04210448FCF78AFE67
:106F500008210248FCF786FE10BD00002406002030
:106F60002DE9F04106460C46002518E0304600F0B9
:106F70001BF84FF47A7090FBF4F707EBD7714810C9
:106F800001F09EF8002000F00FF84FF47A7090FBAB
:106F9000F4F707EBD771481001F092F86D1CA54289
:106FA000E4DBBDE8F0810000010E144A1170C0F36B
:106FB0000741127811FB02F1114A1180C0F3072139
:106FC0000E4A127811FB02F10E4A1180C1B20B4A2F
:106FD000127811FB02F10C4A1180114609880B4A04
:106FE0001268516307490988084A12689163044985
:106FF0000988064A1268D16370470000D800002053
:10700000DA000020DC000020DE0000202406002042
:1070100010B541EC100BFEF7EBFF51EC100B10BD5F
:1070200010B5F9F719FB8020F9F7DEFC5520F9F7C8
:10703000DBFC5520F9F7D8FC50490870F9F702FB42
:107040000120FBF74DFAF9F707FB8020F9F7CCFC9C
:107050005520F9F7C9FC5520F9F7C6FC47490870D7
:10706000F9F7F0FA0120FBF73BFAF9F7F5FAB62148
:107070007E20F9F7CBFCF9F7E5FA5020FBF730FA60
:10708000F9F7EAFA8020F9F7AFFC5520F9F7ACFCE4
:107090005520F9F7A9FC39490870F9F7D3FA01200E
:1070A000FBF71EFAF9F7D8FA8020F9F79DFC552076
:1070B000F9F79AFC5520F9F797FC30490870F9F771
:1070C000C1FA0120FBF70CFA2C4800781E2801D0E9
:1070D000FF2010BD00202A49087049E0F9F7BCFAEA
:1070E000274A127802EB4202264B1A445178244A6E
:1070F000127802EB4202985CF9F788FCF9F7A2FAE1
:107100000120FBF7EDF9F9F7A7FA1D49097801EB22
:1071100041011C4A515C41F08000F9F765FC5520A3
:10712000F9F762FC5520F9F75FFC14490870F9F78C
:1071300089FA0120FBF7D4F91148007800EB4000F0
:107140001049084440780D49097888420BD00C4812
:10715000007800EB40000B49084480780A49097820
:1071600008430949087006480078401C0449087023
:10717000034800780628B1DB0020AAE7D8010020E8
:10718000D9010020E4010020DA01002010B5F9F750
:1071900077FA45490020F9F71AFCF9F767FA012058
:1071A000FBF79EF9F9F76CFA3F490020F9F70FFC5D
:1071B000F9F75CFA0120FBF793F9F9F761FAB621C8
:1071C0001420F9F723FCF9F751FA5020FBF788F95E
:1071D000F9F756FA34490020F9F7F9FBF9F746FABE
:1071E0000120FBF77DF9F9F74BFA2F490020F9F759
:1071F000EEFBF9F73BFA0120FBF772F92A48007819
:107200000F2801D0FF2010BD00202849087045E05C
:10721000F9F736FA254A127802EB4202244B1A4457
:107220005178224A127802EB4202985CF9F7EEFBA1
:10723000F9F71CFA0120FBF753F9F9F721FA1B497A
:10724000097801EB41011A4A505C1749F9F7BFFB75
:10725000F9F70CFA0120FBF743F91448007800EB2A
:1072600040001349084440780F490978884210D0FB
:107270000E480078401E0D4908700846007800EB63
:1072800040000C49084480780B49097808430A49B2
:10729000087006480078401C0449087003480078CC
:1072A0000628B5DB0020AEE7D8010020D901002078
:1072B000F6010020E4010020DA01002000B58BB0C7
:1072C0000020069007900120089000200190029075
:1072D000039004900590012009900D200A9001A9C7
:1072E0001548FAF7E5F908B1FAF7F9F81248FAF78C
:1072F00044FE08B1FAF7F3F80E200A90069001A9AF
:107300000E48FAF7D5F908B1FAF7E9F80B48FAF799
:1073100034FE08B1FAF7E3F802210748FAF70EF94C
:1073200008B1FAF7DCF802210448FAF707F908B1C6
:10733000FAF7D5F80BB000BD740400209C040020BF
:1073400010B500F05DFB1A4908609FED1A0A084667
:10735000006880ED000A9FED170A0846006880ED7E
:10736000010A9FED140A0846006880ED020A002019
:107370000968087501200E49096848750C490968B3
:1073800088750B490968C8750B499FED0C0A0C48B4
:1073900000F008FB0B499FED090A0B4800F002FBC7
:1073A0000A499FED060A0A4800F0FCFA10BD0000E9
:1073B00008010020000000000C0100206F12033BB8
:1073C0008A480020100100209A4800201401002063
:1073D000AA48002000F026F804E001F067FC052030
:1073E00000F06EFEF9E7000010B504460C48016895
:1073F000204601F06DFB0A480168091D201D01F0BF
:1074000067FB07480168083104F1080001F060FBE0
:10741000F9F79EFF0248006880ED030A10BD0000E6
:10742000CC01002010B500F0E3FA0149086010BD5E
:107430000001002030B52DED088B83B005460C46C9
:10744000D5ED030AB0EE600A0020FDF7E9FB20B19C
:10745000287ADE490968087503E00020DB490968DD
:107460000875DA480068007D012842D1D7490968CB
:10747000487500202070B5F9060000EE100AB8EE3D
:10748000C00AD34880ED000AB5F9040000EE100AE6
:10749000B8EEC00ACF4880ED000AB5F9020000EE50
:1074A000100AB8EEC00ACC4880ED000A0020C74997
:1074B00009688875B5F9000000EE100AB8EEC00A38
:1074C000DFEDC60A20EE200ADFEDC50A80EE201AA5
:1074D000C44880ED001ABD48006890ED030AC14819
:1074E000D0ED000A30EE200AB848006880ED030AAB
:1074F000B0E0B6480068007D02284AD10120207023
:10750000D4ED0B0AB0EE600AFDF78AFB48B3012008
:10751000AE490968487594ED010ADFEDB30A20EE23
:10752000200AAB4880ED000A94ED020ADFEDAE0AB6
:1075300020EE200AA74880ED000A94ED030ADFED53
:10754000AA0A20EE200AA44880ED000A00209F49E4
:107550000968887594ED040A9C48006880ED030A68
:1075600078E000209949096848759FEDA00A98487D
:1075700080ED000A9FED9D0A964880ED000A9FED80
:107580009B0A954880ED000A01209049096888759A
:1075900060E08E480068007D032843D101208B49BC
:1075A0000968487500202070B5F9060000EE100A41
:1075B000F8EEC00A8E4890ED000A9FED8E1A00EE9C
:1075C000C10A80ED000AB5F9040000EE100AF8EED9
:1075D000C00A894890ED000A9FED861A00EEC10AA4
:1075E00080ED000ADFED850A9FED850A804800F0F6
:1075F000EBF9DFED820A9FED820A7F4800F0E4F9A3
:1076000001A87D4991ED000A00F09AFD02A8784991
:1076100091ED000A00F094FD01A940F22220F9F753
:1076200049FA17E0002069490968487520709FED04
:107630006F0A674880ED000A9FED6C0A654880ED8F
:10764000000A9FED6A0A644880ED000A01205F4944
:10765000096888755E4890ED000A6A4800F078F97C
:107660005C4890ED000A684800F072F95A4890EDC5
:10767000000A664800F06CF9624840686449086096
:107680006148406863490860604840686249086032
:107690005F4890ED000A20EE000A5E48D0ED000A37
:1076A00090ED001A00EE810A10EE101A084602F062
:1076B000E3FD41EC1B0BB0EE4B0AF0EE6B0AFEF75C
:1076C000C3FFB0EE40AAF0EE60AA9FED540B53EC5E
:1076D000102B51EC1A0B02F0EBF841EC190B9FED5B
:1076E000510B53EC102B02F0CFFB02D29FED4D0B50
:1076F00026E0474890ED000A20EE000A4548D0ED0C
:10770000000A90ED001A00EE810A10EE101A0846E9
:1077100002F0B2FD41EC1A0BB0EE4A0AF0EE6A0A32
:10772000FEF792FFB0EE409AF0EE609A9FED3B0BB1
:1077300053EC102B51EC190B02F0BAF841EC100B82
:10774000B0EE408AF0EE608A51EC180B01F0CAFFEF
:1077500036490860084690ED000ADFED350A20EE54
:10776000200A1A48006880ED000A2948006802F0E3
:1077700083FD41EC190B2748006802F07DFD41ECC8
:107780001A0BB0EE491AF0EE691AB0EE4A0AF0EEA2
:107790006A0AFEF799FDB0EE408AF0EE608A51EC7D
:1077A000180B01F09FFF0949096848601A4890EDDD
:1077B000000AF2EE040A20EE200A0448006880ED78
:1077C000020A03B0BDEC088B30BD000008010020A8
:1077D000180100201C010020200100208FC2F53D6F
:1077E0000000254424010020000096430000000012
:1077F0003801002017B7D1383C0100200000344286
:10780000000034C28A4800209A480020AA4800207C
:10781000280100202C010020300100200000000081
:1078200000A08440000000000000F03F3401002070
:1078300000C0DA4508B500BF002000900D48006880
:10784000006800900B4800684068009000BF00BFCF
:1078500008480068C06840F0100006490968C86020
:1078600032220549034801F0C9F800F0FFF8034946
:10787000086008BDB4060020B24B00201C020020A6
:10788000074800680749B0FBF1F007490870044851
:1078900000684FF47A71B0FBF1F00449086070475A
:1078A0002400002040420F0090000020940000209F
:1078B0000146486880B2704700201E49097801F0EF
:1078C000010108431B49497801F0010140EA4100E8
:1078D0001849497A01F0010140EA81001549897887
:1078E00001F0010140EAC1001249C97801F001012B
:1078F00040EA01100F49097901F0010140EA411005
:107900000C49497901F0010140EA8110094989795E
:1079100001F0010140EAC1100649C97901F00101F5
:1079200040EA01200349097A01F0010140EA4120BF
:1079300070470000C44B002082B0CDE9000121F067
:10794000004001909DED000B02B051EC100B704710
:1079500010EE101A0160816800EE901AC16801EE05
:10796000101A70EE811A816800EE901A80EEA11A4A
:10797000416800EE901A61EE200A816801EE101A4B
:10798000C16801EE901A31EE212A01EE101AC1EE03
:10799000021A016801EE101A41EE810A10EE901AE7
:1079A0004160704710EE102AC2600A688260DFED05
:1079B000050A10EE902A0260DFED020A10EE902A0E
:1079C000426070470000000090ED001AB4EEC01A4B
:1079D000F1EE10FA02D280ED000A08E090ED001AF4
:1079E000B4EEE01AF1EE10FA01DDC0ED000A7047C6
:1079F0000048704734470020004870473448002052
:107A0000004870471C47002070B504460D4605B17C
:107A100004B970BD208800B220816878297840EAD6
:107A200001202080E878A97840EA012000B2608037
:107A30006879297940EA012000B2A080A879E08025
:107A4000F9F786FC84ED030A00BFE2E7014604294A
:107A500003DA034800EB011070470020FCE7000048
:107A6000E447002000487047D04700200048704796
:107A70000C47002000487047244800200048704709
:107A800044480020B4EEE01AF1EE10FA00D270473C
:107A9000B4EEC10AF1EE10FA0EDD31EE602AF0EE1E
:107AA000421A03E030EE612AB0EE420AB4EEC10A97
:107AB000F1EE10FAF6DC13E0B4EEE00AF1EE10FAA3
:107AC0000ED231EE602AF0EE421A03E030EE212AA7
:107AD000B0EE420AB4EEE00AF1EE10FAF6D300BFBF
:107AE00000BFD4E7FAF722FEFDF70CFCFCF7D2FE4C
:107AF000FCF728FEFCF7E2FDFCF702FEFDF738F884
:107B0000FDF752F8FDF76CF8FCF77EFFFCF7CEFFAF
:107B1000FCF756FFA820F9F745FC00BF01210A48F1
:107B2000F8F7F6FE0028F9D100F0C4FEFFF782FE58
:107B300000F012FFFFF7C2FBFFF7A2FEFCF75EFEAC
:107B400000F0CAFA00BFFEE7C4040020014600208E
:107B5000842901D0CA1C10447047000070B5FFF79B
:107B600047FF20490860FFF77DFF1F498866002412
:107B70001FE0E0B2FFF76AFF04EBC40101EB410133
:107B80001A4A02EB8101886604EBC40101EB410152
:107B900002EB81009FED162ADFED161A9FED161AF3
:107BA000DFED160A9FED160A164A0021FDF72EFAA0
:107BB000641C042CDDDB9FED0E2ADFED131A9FED14
:107BC000131ADFED0E0A9FED120A124A0021064831
:107BD000FDF71CFA104DB0EE080A29460248FDF7E1
:107BE00051FA70BD880100206C4A0020BC4800207A
:107BF0000000000000007A4500007A4400803B4508
:107C000000007A464001002000401C4700401C460E
:107C10000060EA464C010020580100202DE9F041A7
:107C20002DED0E8B044694ED000A10EE107A94EDC3
:107C3000010A10EE108A94ED020AFE480068D0EDA9
:107C4000100A30EE200A10EE106A607D00287CD009
:107C5000012808D0022879D0032878D19FEDF60AB0
:107C600010EE106A00BFF3480068D0ED100AF1482A
:107C7000006890ED191A70EEC10AB0EE600A00F0CB
:107C800075FD10EE105A284602F0F6FA41EC1C0B76
:107C9000B0EE4C0AF0EE6C0AFEF772FCB0EE40BAA1
:107CA000F0EE60BA51EC1B0B01F01CFD09EE100A5E
:107CB000E0480068D0ED100ADE48006890ED191A1F
:107CC00070EEC10AB0EE600A00F050FD10EE105ADE
:107CD000284602F0D1FA41EC1C0BB0EE4C0AF0EE53
:107CE0006C0AFEF7E9FBB0EE40BAF0EE60BA51EC78
:107CF0001B0B01F0F7FC09EE900A404602F0BCFABB
:107D000041EC1D0BB0EE4D0AF0EE6D0AFEF7D4FB10
:107D1000B0EE40EAF0EE60EA384602F0ADFA41EC2F
:107D20001C0B53EC1E2B01F0B1FF41EC1B0B01F0BF
:107D3000D9FC0AEE100A404602F09EFA41EC1E0BF6
:107D4000B0EE4E0AF0EE6E0A02E0B6E0B3E0B3E049
:107D5000FEF716FCB0EE40CAF0EE60CA384602F0FC
:107D60008BFA41EC1D0B53EC1C2B01F08FFF41EC07
:107D70001B0B01F0B7FC0AEE900A2AEE290AB0EEBE
:107D8000408A0AEEC98A2AEE090AF0EE408A4AEED3
:107D9000A98A304602F070FA41EC1E0B38EE280A30
:107DA00010EE101A084602F067FA41EC1C0B9FED2A
:107DB000A30B53EC102B01F07BFD41EC1B0B53ECA0
:107DC0001E2B01F0C1FC41EC1D0B01F0C9FE00B2FD
:107DD0009C49A1F86400304602F04EFA41EC1D0BBC
:107DE000B1EE480A30EE280A10EE101A084602F0EA
:107DF00043FA41EC1C0B9FED910B53EC102B01F05F
:107E000057FD41EC1E0B53EC1D2B01F09DFC41EC8A
:107E10001B0B01F0A5FE01B28A48A0F8D010304635
:107E200002F02AFA41EC1B0BB1EE480A30EE680A68
:107E300010EE101A084602F01FFA41EC1C0B9FEDE1
:107E40007F0B53EC102B01F033FD41EC1E0B53EC78
:107E50001B2B01F079FC41EC1D0B01F081FE01B2FE
:107E60007848A0F83C11304602F006FA41EC1B0BB2
:107E700038EE680A10EE101A084602F0FDF941ECDF
:107E80001C0B9FED6E0B53EC102B01F011FD41EC20
:107E90001D0B53EC1B2B01F057FC41EC1E0B01F0AA
:107EA0005FFE01B26748A0F8A81194ED030A664886
:107EB00080ED190A0EE00DE000BF00206149A1F835
:107EC000640000215F48A0F8D010A0F83C11A0F891
:107ED000A81100BF00BF002520E0291D88B205EBD6
:107EE000C50101EB4101574A02EB8101896ED1EDD9
:107EF000030AB0EE600AFCF793FE70B900200AE0B6
:107F0000002100EBC00202EB42024E4B03EB820267
:107F1000A2F86410401C0428F2DB6D1C042DDCDB8D
:107F20004948806ED0ED020AB0EE600A0820FCF7E6
:107F300077FE40480068D0ED0B0AB0EE600A0220E0
:107F4000FCF76EFE08B90120A075002526E005EBC0
:107F5000C50101EB41013B4A02EB8101B1F964101B
:107F600001EE101AB8EEC11AF0EE410A05EBC50198
:107F700001EB410102EB8101896EB1F9021001EEC2
:107F8000101AB8EEC11AB0EE410A05EBC50101EBBB
:107F9000410102EB8100FCF763FE6D1C042DD6DB72
:107FA000284D95ED590ABDEEC00A10EE105A2BB2BD
:107FB000244D95ED3E0ABDEEC00A10EE105A2AB2CD
:107FC000204D95ED230ABDEEC00A10EE105A29B2DD
:107FD0001C4D95ED080ABDEEC00A10EE105A28B2ED
:107FE000F8F792FDA07D98BB174890ED191AF0EEB6
:107FF000410A1048006890ED241AB1EE411AB0EE23
:10800000410A1148FCF72CFE0F4890ED080A094878
:108010000068D0ED060A9FED0D1A01EE200ABDEEB4
:10802000C00A10EE102A4FF4006140F24110F8F738
:1080300093FD15E08801002000007A45CD3B7F6666
:108040009EA0F63FBC4800206C4A0020A00CB3451F
:10805000FFE700224FF4006140F24110F8F77CFD89
:10806000BDEC0E8BBDE8F0810A2824D2DFE800F0D9
:1080700005080B0E1114171A1D20104A11701BE071
:108080000E4A517018E00D4A917015E00B4AD170FC
:1080900012E00A4A11710FE0084A51710CE0074AD8
:1080A000917109E0054AD17106E0044A117203E0BA
:1080B000024A517200E000BF00BF7047C44B00206D
:1080C00070B5044625460DB1294600E00121084659
:1080D00000F0BEFF002070BD10B500F0E7FF0020EB
:1080E00010BD7FB504460D46606998B1A06988B19E
:1080F000B4F90800FFF72AFD0646D4E90510CDE9DA
:10810000006102902B462269D4E9001001F05AF96F
:10811000039013E0B4F90800FFF718FD064603A822
:10812000CDE90060238A9AB22B46D4E9001001F011
:1081300017F9012802D0002004B070BD0398FBE7B6
:1081400010EE101A0A0EC2700A0C82700A0A4270EF
:10815000017070472DE9F04105460E461F4807683B
:1081600000201F49096881F852001D480068001D61
:1081700000F068FE50B91A48006890F82C100120F1
:10818000884018490968814316480160681C38B95D
:1081900036B113480168091D134800F09EFE1AE02D
:1081A0007C190F4800684460BC4207D20C48016843
:1081B000091D0E48006800F076FE0CE008480168D2
:1081C000091D0B48006800F06EFE0A4800688442F2
:1081D00001D208480460BDE8F08100003C000020A6
:1081E0002800002040000020480A00203000002025
:1081F0002C0000205800002010B5044600F07AFE44
:1082000023480068401C224908602248006840B9A1
:10821000204804600846006801280DD100F048F9A4
:108220000AE01D48006838B91A480068C06AE16A67
:10823000884201D81748046018480068401C174954
:10824000086094F82C1001208840154909680843FB
:1082500013490860E16A01EB8101124A02EB8100D7
:10826000211D00F03AFE00F06FFE0B48006868B177
:1082700008480068C06AE16A884207D24FF080501F
:1082800009490860BFF34F8FBFF36F8F10BD000027
:108290003800002028000020440000205400002066
:1082A000400000206C09002004ED00E010B516E04D
:1082B00000F020FE0C48C068C468201D00F0C2FD1C
:1082C0000A480068401E0949086009480068401EC5
:1082D0000749086000F038FE204600F00BF804481B
:1082E00000680028E4D110BD340A002038000020C6
:1082F0003400002010B5044694F8510030B9206BCA
:1083000000F040FE204600F03DFE1AE094F85100D7
:10831000012803D1204600F035FE12E094F8510008
:10832000022801D1012000E0002050B900BF5020F8
:1083300080F31188BFF34F8FBFF36F8F00BF00BF73
:10834000FEE710BD30B54FF47053174800F0070436
:108350002CB1C01D20F00700134C041B1B1B024650
:10836000124C22600024114D6C60D018083820F0A7
:1083700007000F4C206000240D4D2D686C600C4DE3
:108380002D682C601146441A4C60094C24680C601E
:10839000084D4C682C60084D4C682C604FF0004430
:1083A000064D2C6030BD00005C0A002064000020F7
:1083B0006C0000207400002070000020800000206D
:1083C00000BFFFF773FF07480068012807D94FF087
:1083D000805005490860BFF34F8FBFF36F8F00F0E7
:1083E00051FDEEE76C09002004ED00E02DE9F05F9F
:1083F00082460E4690469B460A9F0C9C4FEA880197
:10840000A522206BF8F759F8A8F10100216B01EBC8
:10841000800929F0070909F0070008B9012000E0E8
:10842000002050B900BF502080F31188BFF34F8F58
:10843000BFF36F8F00BF00BFFEE786B1002507E0E6
:10844000715D04F134004155705D00B902E06D1CAE
:10845000102DF5D300BF00214320015502E000207C
:1084600084F83400072F00D30627E76267640020F2
:10847000A064201D00F014FD04F1180000F010FDB0
:108480002461C7F10700A06164620020E06484F801
:10849000500084F852005A465146484600F050F9C0
:1084A00020600B9808B10B980460BDE8F09F0000B5
:1084B00010B5002407E004EB84010F4A02EB8100B1
:1084C00000F0E1FC641C072CF5D30C4800F0DBFC49
:1084D0000B4800F0D8FC0B4800F0D5FC0A4800F02F
:1084E000D2FC0A4800F0CFFC04480949086004485F
:1084F0000849086010BD00006C090020F809002040
:108500000C0A0020200A0020340A0020480A00201B
:108510002C0000203000002010B50146164800E075
:10852000006803688B42FBD30246436813448B42C6
:1085300004D143684C682344436001460A464B68B3
:1085400013440468A34211D10C4C03682468A3426D
:1085500008D04B680468646823444B6003681B6858
:108560000B6005E0054B1B680B6001E003680B60C6
:10857000884200D0016010BD640000206C00002023
:108580000A490968096809B9012100E0002121B1FF
:108590004FF0FF31064A116006E004490968C968D6
:1085A000C868034A41681160704700002C00002031
:1085B000580000200E480068401C08B9012000E067
:1085C000002050B900BF502080F31188BFF34F8FB7
:1085D000BFF36F8F00BF00BFFEE700BF502080F3E6
:1085E0001188BFF34F8FBFF36F8F00BF00BFFEE74F
:1085F000840000202DE9F04104464FF0000800F00F
:10860000ADFD4948006808B9FFF79CFE474800687F
:108610002040002870D1D4B1083404F00700B0B174
:1086200004F00700C0F10800044404F0070008B992
:10863000012000E0002050B900BF502080F31188D5
:10864000BFF34F8FBFF36F8F00BF00BFFEE7002C5B
:1086500052D03748006884424ED8364E30460568BE
:1086600001E02E462D686868A04202D228680028E2
:10867000F7D12D48006885423ED0306800F10808E7
:10868000286830606868001B102819D92F1907F076
:10869000070008B9012000E0002050B900BF5020B9
:1086A00080F31188BFF34F8FBFF36F8F00BF00BF00
:1086B000FEE76868001B78606C603846FFF72CFFA7
:1086C0001B4968680968081A194908600846006863
:1086D00019490968884203D215480068164908609C
:1086E00012496868096808436860002028601348D8
:1086F0000068401C1149086000F066FF08F00700A0
:1087000008B9012000E0002050B900BF502080F3DC
:108710001188BFF34F8FBFF36F8F00BF00BFFEE71D
:108720004046BDE8F08100006C0000208000002081
:1087300070000020640000207400002078000020F9
:10874000001F4FF080730360001F21F001030360DE
:10875000001F054B036014380260001F6FF0020316
:108760000360203870470000B585000800B5F0EEC2
:10877000402A9FED041ADFED040AB0EE620AFFF70B
:1087800081F900BDDB0F4940DB0F49C010B5FFF791
:1087900093F8044640F2FF30844201D1002010BD1E
:1087A00004F0010038B901213948FEF7D9FB4FF434
:1087B0007A70FFF785FC04F0020038B902213448D2
:1087C000FEF7CEFB4FF47A70FFF77AFC04F004005A
:1087D00038B903212E48FEF7C3FB4FF47A70FFF738
:1087E0006FFC04F0080040B901214FF0FF20FEF7B4
:1087F000B7FB4FF47A70FFF763FC04F0100040B948
:1088000002214FF0FF20FEF7ABFB4FF47A70FFF729
:1088100057FC04F0200040B901216FF47F00FEF7FF
:108820009FFB4FF47A70FFF74BFC04F0400040B917
:1088300002216FF47F00FEF793FB4FF47A70FFF78D
:108840003FFC04F0800040B903216FF47F00FEF785
:1088500087FB4FF47A70FFF733FC04F4807040B963
:1088600004216FF47F00FEF77BFB4FF47A70FFF773
:1088700027FC04F4007040B905216FF47F00FEF777
:108880006FFB4FF47A70FFF71BFC012087E70000B5
:108890000000FFFF00B5F0EE402A9FED041ADFED67
:1088A000040AB0EE620AFFF7EDF800BD00003443A1
:1088B000000034C324480068406940F04000224969
:1088C0000968486120480068C06840F010001E49EF
:1088D0000968C8601D480068006820F001001B4955
:1088E0000968086007E019480068006820F0010086
:1088F00016490968086015480068006800F0010022
:108900000028F0D1124811490968886011480F49C0
:108910000968C8602C300D49096808612C200B4992
:108920000968486009480068006840F480200749E9
:108930000968086005480068006840F001000349C4
:1089400009680860704700006C060020440700209A
:10895000041001405C46002024480068406940F053
:10896000400022490968486120480068C06840F01A
:1089700010001E490968C8601D480068006820F0A2
:1089800001001B490968086007E019480068006891
:1089900020F0010016490968086015480068006861
:1089A00000F001000028F0D11248114909688860E0
:1089B00011480F490968C8602C300D4909680861E1
:1089C0002C200B490968486009480068006840F499
:1089D000802007490968086005480068006840F081
:1089E000010003490968086070470000FC06002088
:1089F0006408002004140140B44600202DE9F04131
:108A000004460D461646002794F84270202F17D1D1
:108A100005B116B90120BDE8F081A562A685002048
:108A200060642268111D33462A46E06BF9F7DCFCCE
:108A30002068406940F04000216848610020EAE772
:108A40000220E8E710B504462068006800F0100036
:108A5000102807D12068C06800F0100010B120462F
:108A600000F002F810BD000038B5044600BF002039
:108A7000009020680068009020684068009000BF67
:108A800000BF114884421ED1E06B0068006820F0EE
:108A90000100E16B09680860E16B0868FEF708FFF8
:108AA000C0F13200122802D10848FCF7F3FA322054
:108AB000E16B09684860E06B0068006840F0010005
:108AC000E16B0968086038BDB4060020B24B002095
:108AD00010B50378447843EA0423847843EA0443D6
:108AE000C47843EA04620A6010BD00001CB5044665
:108AF0001848016810312046FFF7EAFF1548016861
:108B00001831201DFFF7E4FF124801681C3104F101
:108B10000800FFF7DDFF0F480068D0ED060AB0EE51
:108B2000600A6846FFF70CFB0A480068D0ED070AA8
:108B3000B0EE600A01A8FFF703FB694640F222206D
:108B4000F7F7B8FFF8F704FC0248006880ED0B0A5D
:108B50001CBD0000C80100201CB504460020009088
:108B60000190207B8DF80100694640F22320F7F741
:108B7000A1FFF8F7EDFB0248006880ED0B0A1CBD71
:108B8000C801002010B504460C480168091D2046A4
:108B9000FFF79EFF094801680831201DFFF798FF85
:108BA000064801680C3104F10800FFF791FFF8F75F
:108BB000CFFB0248006880ED0B0A10BDC801002001
:108BC0001CB50446002000900190207B8DF8000029
:108BD000694640F22320F7F76DFFF8F7B9FB02482A
:108BE000006880ED0B0A1CBDC801002070B504466A
:108BF0002D48006818B9FEF741FF2B4908602A4844
:108C00000068007808B9002070BD2078A52803D13D
:108C1000A07808B9E07808B10220F5E760780D285F
:108C200001D00320F0E705212046FDF795F920B19A
:108C300016212046FDF76EF908B90420E4E76079B3
:108C4000A17940EA012540F20241681A8D4211D013
:108C500008DCA5F20110E8B101281CD0B0F5407F76
:108C60001DD106E0012809D002280BD0032816D117
:108C70000CE015E0E01DFFF785FF11E0E01DFFF7B8
:108C800035FF0DE0E01DFFF79BFF09E0E01DFFF75A
:108C900063FF05E004E0E01DFEF7A6FB00E000BF77
:108CA00000BF0020B0E70000C801002010B5A520DB
:108CB0001A4908700D20487000208870C870012083
:108CC00048710320887116480068D0ED0D0AB0EE97
:108CD000600AC81DFFF734FA11480068D0ED160A83
:108CE000B0EE600A0D480B30FFF72AFA0C48006816
:108CF000D0ED170AB0EE600A08480F30FFF720FAEF
:108D000005210648F7F78BFC16210448F7F771FC9C
:108D1000162202490348FBF7A3FB10BD744800204C
:108D200000010020FC06002008B5404800680068EB
:108D300000F0200060B100BF002000903B480068B8
:108D400000680090394800684068009000BF6CE0FF
:108D50003748006800F01000002866D000BF0020EF
:108D60000090324800680068009030480068406811
:108D7000009000BF00BF2F480068006800F400208A
:108D800050BB2C480068006820F0010029490968A0
:108D90000860284800684068C0F12C002649088017
:108DA0002C2024490968486022480068006840F483
:108DB00000202049096808601E480068006840F0EB
:108DC00001001C49096808601B48008816282CD13E
:108DD0001A48FFF70BFF28E016480068006820F0EB
:108DE0000100144909680860124800684068C0F131
:108DF0002C00114908802C200E4909684860104851
:108E0000006820F400200E4908600A4800680068E5
:108E100040F00100074909680860074800881628E3
:108E200003D106482C30FFF7E1FE08BDFC06002008
:108E30000014014064080020E2000020B446002035
:108E40002864024001460A69D1E901309860D1E9FD
:108E5000010358605068884201D188685060002042
:108E600008611068401E106010687047034B036073
:108E7000034B0B608023136070470000200200202A
:108E800074020020704700F1080141604FF0FF318B
:108E9000816000F10801C16001610021016070473B
:108EA00000210161704710B502460B685C1C0CB9CB
:108EB000106907E002F1080000E040684468246897
:108EC0009C42FAD944684C604C68A160886041605B
:108ED0000A611468641C146010BD42684A6093689B
:108EE0008B60936859609160086103685B1C036044
:108EF0007047000000BF502080F31188BFF34F8FF0
:108F0000BFF36F8F00BF0E480068401C0C4908601B
:108F100008460068012812D10A480068C0B208B9A2
:108F2000012000E0002050B900BF502080F31188DC
:108F3000BFF34F8FBFF36F8F00BF00BFFEE77047D7
:108F40008400002004ED00E00D48006850B900BF27
:108F5000502080F31188BFF34F8FBFF36F8F00BF96
:108F600000BFFEE706480068401E05490860084645
:108F7000006820B9002080F3118800BF00BF70474F
:108F80008400002070B506463546002E44D0083DCA
:108F90002C46224960680968084008B1012000E0B9
:108FA000002050B900BF502080F31188BFF34F8FCD
:108FB000BFF36F8F00BF00BFFEE7206808B9012034
:108FC00000E0002050B900BF502080F31188BFF3AB
:108FD0004F8FBFF36F8F00BF00BFFEE70F49606880
:108FE00009680840C0B12068B0B90C4960680968D8
:108FF0008843606000F0B2F8094960680968084475
:10900000074908602046FFF787FA06480068401CB9
:109010000449086000F0D8FA70BD0000800000200C
:10902000700000207C00002000204FF0E02108614B
:109030008861064800684FF47A71B0FBF1F0401E79
:109040004FF0E021486107200861704724000020AC
:1090500070B504460025D4B11248006808B9012053
:1090600000E0002050B900BF502080F31188BFF30A
:109070004F8FBFF36F8F00BF00BFFEE700F06EF8A9
:1090800000212046FFF766F800F09EFA05463DB93C
:109090004FF0805004490860BFF34F8FBFF36F8FCC
:1090A00070BD00006000002004ED00E010B586B047
:1090B00000200590049003AA04A905A8FFF7D6FE96
:1090C0000022DDE904101346CDE9002102901CA125
:1090D0001D48039A00F076F91C49086008460068AC
:1090E00008B1012400E00024012C15D100BF50205C
:1090F00080F31188BFF34F8FBFF36F8F00BF4FF026
:10910000FF3013490860012012490860002012490D
:10911000086000F071F810E0601C08B1012000E068
:10912000002050B900BF502080F31188BFF34F8F4B
:10913000BFF36F8F00BF00BFFEE706B010BD000099
:1091400049444C4500000000C18300085C00002039
:1091500058000020440000203C0000200248006825
:10916000401C014908607047600000201D480068ED
:1091700018B101201C49086032E000201A4908603B
:109180001A480068B0FA80F0C0F11F0101EB8100BD
:10919000174A52F8200008B1012000E0002050B921
:1091A00000BF502080F31188BFF34F8FBFF36F8F44
:1091B00000BF00BFFEE701EB81020D4B03EB820015
:1091C00042685268426000F108024368934202D14B
:1091D0004268526842604268D268064B1A6000BF1B
:1091E00070470000600000204C000020400000207C
:1091F0006C090020280000201CB552480068524924
:10920000884201D0012000E0002050B900BF50206A
:1092100080F31188BFF34F8FBFF36F8F00BF00BF84
:10922000FEE7484800684849491E884201D00120AD
:1092300000E0002050B900BF502080F31188BFF338
:109240004F8FBFF36F8F00BF00BFFEE73F49084657
:1092500000780190FF200A461070084600780090C0
:109260009DF8000000F0F0009DF80020904201D130
:10927000012000E0002050B900BF502080F3118889
:10928000BFF34F8FBFF36F8F00BF00BFFEE79DF8A6
:10929000000000F050002E4A107007202D4A106088
:1092A00009E02C480068401E2A4A10609DF8000022
:1092B0004006000E00909DF8000000F0800080281D
:1092C000EFD024480068C0F10700042801D1012034
:1092D00000E0002050B900BF502080F31188BFF398
:1092E0004F8FBFF36F8F00BF00BFFEE719480068C4
:1092F0000002184A10601046008800F4E060106018
:10930000124A019810700F482030006840F4700035
:109310000C49203108600846006840F07040086041
:10932000FFF782FE00200C490860F6F7C1FF0B48EA
:10933000006840F0404009490860F6F7A5FF0020AA
:109340001CBD000000ED00E071C20F4100E400E030
:10935000880000208C0000208400002034EF00E012
:109360002DE9FF4F85B0804689461746DDE912ABEF
:10937000B800FFF73FF9064656B15420FFF73AF917
:1093800004460CB1266304E03046FFF7FBFD00E025
:1093900000248CB1002084F85100CDE900ABCDE968
:1093A00002403A4649464046089BFFF71FF82046D0
:1093B000FEF722FF012501E04FF0FF35284609B0F6
:1093C000BDE8F08F2DE9F04F85B0074688469146FD
:1093D0009A46DDE90EB6109C0EB1012000E0002097
:1093E00050B900BF502080F31188BFF34F8FBFF3F7
:1093F0006F8F00BF00BFFEE70CB1012000E000202E
:1094000050B900BF502080F31188BFF34F8FBFF3D6
:109410006F8F00BF00BFFEE75420039003985428CD
:1094200001D1012000E0002050B900BF502080F39E
:109430001188BFF34F8FBFF36F8F00BF00BFFEE7F0
:1094400000BFB4B1AEB125462C462E63022085F88C
:109450005100002004A953464A46CDE900B1CDE9A8
:10946000025041463846FEF7C1FF2846FEF7C4FECB
:1094700001E000200490049805B0BDE8F08F0000E2
:109480002DE9F0414FF000084448006800287CD1E5
:1094900043480068451C4248056015BB41480068C8
:1094A000006808B9012000E0002050B900BF50203A
:1094B00080F31188BFF34F8FBFF36F8F00BF00BFE2
:1094C000FEE738480768384800683649086036487B
:1094D000076036480068401C34490860FFF750F8C0
:1094E00000BF3348006885423CD300BF2D48006868
:1094F000006808B9012000E0002020B14FF0FF30E3
:109500002B4908602DE027480068C068C468666879
:10951000B54202D22648066023E0201DFFF792FCE8
:10952000A06A18B104F11800FFF78CFC94F82C1015
:10953000012088401F49096808431E490860E16A04
:1095400001EB81011C4A02EB8100211DFFF7C5FCE4
:109550001A49E06A0968C96A8842C7D34FF001080E
:10956000C4E700BF15480068C06A00EB80001249DC
:1095700051F82000012801D94FF001081048006877
:1095800008B14FF0010805E0FFE70E480068401CF5
:109590000C4908604046BDE8F081000060000020F2
:1095A0003C0000202C000020300000205000002053
:1095B00058000020400000206C09002028000020F6
:1095C0004C0000204800002070B5002400263648DA
:1095D000006850B900BF502080F31188BFF34F8F4F
:1095E000BFF36F8F00BF00BFFEE7FFF783FC2E487D
:1095F0000068401E2C4908600846006800284FD1CA
:109600002A48006800284BD024E02948C068C46874
:1096100004F11800FFF716FC201DFFF713FC94F867
:109620002C1001208840234909680843214908601B
:10963000E16A01EB8101204A02EB8100211DFFF765
:109640004CFC1E49E06A0968C96A884202D30120BD
:109650001B4908601648006808B9012000E0002096
:109660000028D2D00CB1FEF78BFF1648056865B113
:1096700000BFFFF705FF10B10120114908606D1E02
:10968000002DF6D100200F4908600D48006838B160
:10969000012630070C490860BFF34F8FBFF36F8F6F
:1096A000FFF752FC304670BD6000002038000020FB
:1096B000200A0020400000206C0900202800002023
:1096C0004C0000204800002004ED00E081F0004143
:1096D000704780F00040704721F00041704720F053
:1096E0000040704721F00042A2F16052B2F5801FA5
:1096F00001F0004328BFD2F17F6C0BD95FEA001C58
:1097000043EAC20242EB507018BF704728BF20F0F6
:1097100001007047B2F5801FBCBF184670474FEA82
:10972000410C1CF5001F02D2084600F01BBE70B5AC
:1097300000F056FB00000089FFF7F6BF4FF0004035
:10974000A0F580007047000010B591EA030F48BFF4
:1097500083F0004300F1AE84841A71EB030C05D250
:10976000121943EB0C03001B61EB0C01DFF824E141
:109770004FEA1154A4EB135C1EEA430F18BF9EEA94
:10978000445F73D023EA0E03DCF1200E21EA04517A
:1097900043F4801332D322FA0CFE10EB0E0023FAAE
:1097A0000CFE41EB0E01CCF1200E03FA0EFE10EB85
:1097B0000E0051F10001B1F5801FCCF1200E32D224
:1097C00001EB045112FA0EF2BDE8104058BF704789
:1097D000401C38BF5FEA420218BF7047002814BF20
:1097E00020F0010041F100014FEA410313F5001F91
:1097F00038BF7047A1F1C04100F040BB012A43EBE4
:109800000302ACF1200CDCF11F0E32BF4FF0000E52
:1098100023FA0CF310EB030041EB0451B4EB115F9E
:10982000D0D0A1EB045101F5801149085FEA300066
:1098300001EB04510ED350F1000038BF12FA0EFEB6
:1098400008D1BDE81040C9E7401C38BF5FEA4202BA
:10985000CAD1C3E7BDE810404FEA410313F5001F2A
:1098600038BF7047A1F1C04100F008BB9EEA445FD9
:1098700008D011EA5E0FBDE8104004BF01F00041BE
:1098800000207047BDE8104070B500F0A9FA00BF95
:1098900064FBBE3E0000E0FF491058BFC1F14041EB
:1098A0005B1058BFC3F140438B42EFF30080704719
:1098B0002DE9C04130B4DFF8A0C23CEA111418BF52
:1098C0003CEA131400F0EC8081EA03051CEA111451
:1098D00044EAD57418BF1CEA131500F0C780A4EB46
:1098E00005044FF0004545EAC12145EAC32341EA9A
:1098F000505143EA525304F17F74994204F5003405
:109900004FEAC0204FEAC22208BF904200F09C807C
:109910004FEA13650FF24016765D4FEA134506FBDA
:1099200005F7C7F1807706FB07F74FEAD737A7FBA4
:1099300003687642C8F58038A7FB06CE38BFA8F189
:10994000010807FB08E64FF0000EA6FB028CE6FBC1
:1099500003CEDCF1000CCEF1004E38BFAEF1010EAB
:10996000A6FB0C584FF000074FF00005E6FB0E87F2
:10997000A1FB08C6A0FB07CE16EB0E0645F10005BD
:10998000E1FB076515F1E04E7EBFA4F580345FEA88
:1099900046066D4116F1800745F100054FEA17278D
:1099A0004FEA066647EA0567A6F1DE46B6F1805F34
:1099B0004FEA15251FD9384624F0010C05EBC47178
:1099C000BCF1FE6F01EB0C1102D8F0BCBDE80081C8
:1099D00024425CBF01F5801E9EEAC47F02D4F0BC25
:1099E000BDE80081244238D4F0BCA1F1C041BDE8FB
:1099F000004100F043BA4FEAD22242EA43524FEA12
:109A0000D323A7FB02864FEAD02040EA415007FB50
:109A100003661EEA0E0F4FEAD12105FB026658BF0E
:109A2000A6EB0056B6EB00564FEA520E4EEAC37E46
:109A300018EB0E0E56EB530EBDD518EB02085E4127
:109A40007F1C55F10005B6E74FF480154FF0000775
:109A50004FF000064FF00008ADE7F0BC4FF00000FB
:109A600001F1C04101F00041BDE8008111EA0C1F85
:109A70000CEA131500D00CE013EA0C1F00F025804F
:109A80004FF00000F0BC81EA030101F00041BDE8A5
:109A90000081F0BCBDE8004181EA030100F0EEB9AD
:109AA000F0BCBDE8004170B500F09AF9097EFC3EBB
:109AB00000F007B881EA03014FF0000001F0004117
:109AC000704781EA030100F0D9B9F0BCBDE800415C
:109AD0004FF0000021497047FFFDFBF9F7F5F4F264
:109AE000F0EEEDEBE9E8E6E4E3E1E0DEDDDBDAD839
:109AF000D7D5D4D3D1D0CFCDCCCBCAC8C7C6C5C497
:109B0000C2C1C0BFBEBDBCBBBAB9B8B7B6B5B4B3AD
:109B1000B2B1B0AFAEADACABAAA9A8A8A7A6A5A498
:109B2000A3A3A2A1A09F9F9E9D9C9C9B9A9999985C
:109B30009797969595949393929191908F8F8E8EFF
:109B40008D8C8C8B8B8A898988888787868585848C
:109B500084838382828181800000FF070000F87F78
:109B60004FEA41034FEA5353A3F58063D3F11E0339
:109B7000C8BFD3F1210C0CDD4FF0004242EAC122F4
:109B800042EA505232FA03FC8CEAE17CACEBE17021
:109B90007047102BC4BF0020704703F5787CBCF1E0
:109BA000FF3F04D06FF0004282EA2100704770B599
:109BB00000F016F94992248000207047F2E710F077
:109BC000004248BF4042B0FA80F310FA03F10AD0D5
:109BD000C3F11D0303F580634FEA415002EB0352CA
:109BE00002EBD12170474FF000007047B0FA80F3CC
:109BF00010FA03F10AD0C3F11D0303F580634FEAA5
:109C000041504FEA035202EBD12170474FF0000060
:109C10007047000051EA030C17D41CF5801F58BF91
:109C2000BCF5801F00F10680994218BF704708BF3D
:109C30009042704707D711F5801F58BF13F5801F5A
:109C400019D499427047894270471CF5801F08D586
:109C5000BCF5801FF7D58B4218BF704708BF824202
:109C600070474FF4001C1CEB410F38BF1CEB430F37
:109C700001D28B42704770B500F0B2F892244900CF
:109C80004FF000514FF08053FFF706BEDFF848C198
:109C900070B51CEA111E1EBF1CEA13159EEA0C0FBC
:109CA00095EA0C0F00F06F8081EA030423EA4C135D
:109CB0004EEAD47E21EA4C1141F4801143F4801322
:109CC000AE44A1FB024CA0FB0365AEF17F7E3619CA
:109CD00055EB0C05A1FB034C4CF10003A0FB021C4F
:109CE00016EB0C06654153F10003094218BF46F01C
:109CF000010613F4007F0BD14FEA03314FEA053020
:109D0000340341EA155140EA16506FF003020AE0AD
:109D10004FEAC3214FEAC520F40241EA555140EA17
:109D200056506FF0020202EB2E4201EB025585EA1B
:109D3000CE710AD05FEA440C18BF24F0004450F101
:109D4000000041F1000120EAD47040F2FE7C62453F
:109D500000D270BDA84214BF4FF080444FF0404481
:109D6000002E08BF0024BEF1806FA8BFA1F1C04142
:109D7000BDE8704080F282804FF0000001F1C041E8
:109D800001F0004170479EEA0C0F0CEA131518BF52
:109D900095EA0C0F06D04FF0000081EA030E0EF09A
:109DA000004170BD00F01CF88900013E00F007B8CA
:109DB00000F009B84FEA430C5FEA5C5C08D081EA26
:109DC000030100F05BB84FEA410C5FEA5C5CF6D13E
:109DD0004FF00000014970470000FF070000F87FC6
:109DE0000EF1020E2EF0030E5EF8046B364205D41F
:109DF000012A43EB030515F5001F12D8012841EB9A
:109E0000010C1CF5001F0CD80ED14FEAD17C15F5C2
:109E1000001F0CEB4C0C0CF1020C08BF4CEBD37C7C
:109E200004E04FF0080C01E04FEAD37C0CEB4C054A
:109E300026FA05F606F00706B6F1040C06D20EEB7C
:109E4000860CBDE870404CF0010C6047DFE80CF078
:109E5000090B02024FF000414FF00000A1F5002174
:109E600070BD19461046012851EB010418BFD4F506
:109E7000001484BF002001F0004170BD0808A0F567
:109E800000114FEA3101704753EA010C17D41CF559
:109E9000801F58BFBCF5801F00F106808B4218BFA1
:109EA000704708BF8242704707D713F5801F58BF1D
:109EB00011F5801F19D48B4270479B4270471CF5E7
:109EC000801F08D5BCF5801FF7D5994218BF704791
:109ED00008BF904270474FF4001C1CEB430F38BF83
:109EE0001CEB410F01D2994270470FB40CBC03BC6C
:109EF000FFF7C1BE91EA030F10B581F000413FF5B5
:109F00002BAC83F0004300F0D5B800002DE9F04100
:109F100001F5801CBCF5001FC0F2A9804FEA115C5E
:109F200021EA0C510CF1FD0C41F480115FEA5C0C4C
:109F30000CF5C07C01D34000494130A4890241EABC
:109F4000905187028E0E0A0CA45D04FB04F602FBFE
:109F500006F6C6F14046A4FB0662F60D46EA422626
:109F600006FB06F4A4FB01235242C3F1404338BF71
:109F70005B1EA6FB02420024E6FB0324D20B42EA4E
:109F80004446A6FB0623A1FB02E2A3FB07E4E3FB96
:109F900061426442C2F1404E38BFAEF1010EA6FBF1
:109FA00004234FF00002E6FB0E32A2FB034634000E
:109FB000E2FB6264A1FB06E6A4FB07E8E4FB616840
:109FC0007642C8F1405838BFA8F10108A2FB06E468
:109FD000A3FB08E5E2FB6854A1FB05E6A7FB04E848
:109FE000E1FB648618F1200556F10006A809A8F1E6
:109FF0001B08B10908F03F08B8F10A0F40EA866073
:10A000001CD901EB0C51BDE8F08100BFFCF5EEE876
:10A01000E2DDD8D3CFCBC7C3C0BDB9B6B4B1AEAC07
:10A02000A9A7A5A3A19F9D9B9A9896959392908F7F
:10A030008D8C8B898887868584838281A0FB0068CC
:10A0400000FB01F208EB4208B8EB872807D534186B
:10A0500058EB0104D5D5401C51F10001D1E7341A69
:10A0600078EB0104CDD4401E71F10001C9E75FEA2D
:10A070004C0C5FEA9C5C0DD105D34FF0000001F061
:10A080000041BDE8F081BDE8F04170B5FFF7A8FEE2
:10A090006DDBFFBEBDE8F0414FF0000000497047A6
:10A0A0000000F87F10B591EA030F48BF83F000432A
:10A0B0003FF552AB841A71EB030C07D212198CF0E6
:10A0C000004C43EB0C03001B61EB0C01DFF8A4E137
:10A0D0004FEA1154A4EB135C1EEA430F18BF9EEA2B
:10A0E000445F00F0B08023EA6E03524221EA04513B
:10A0F000C3EB6E0338BF5B1EDCF1200E25D322FAC2
:10A100000CFE10EB0E0043FA0CFE41EB0E01CCF1FD
:10A11000200E03FA0EFE10EB0E0051F10001CCF1FF
:10A12000200E29D412FA0EF201EB0451BDE81040C2
:10A1300058BF7047401C1CBFB2F1004F7047002849
:10A140000CBF491C20F00100704712EB020E43EBDC
:10A15000030218BF4FF0010E4EEA4202ACF1200C90
:10A16000DCF11E0E54D943FA0CFE10EB0E0051F137
:10A17000FF31CCF11E0ED5D50EF1010E12FA0EFEF6
:10A18000404141EB010101EB445C5FEA5C5C10D9AA
:10A1900010EBDE7001EB045138BFBEF1004FBDE89B
:10A1A000104018BF704700280CBF491C20F0010068
:10A1B000704730D24FEAD42C11F5001124F400641A
:10A1C0001BD0B1FA81F20B3AA41AA41ED2F12003DB
:10A1D000914030FA03F31943904001EBCC71002C0D
:10A1E00001EB0451BDE81040A8BF704701F1C04128
:10A1F0004FF0000001F000417047B0FA80F310FA10
:10A2000003F100D110BDE41A173C4805C90AE4E780
:10A2100001EB045110BD491001EB0451BDE81040A1
:10A220004FEA300002E04FF0000170474A0008BFDB
:10A230000042F8D0B2F5001F28BF704701F000417E
:10A240004FF0000070479EEA445F07D011EA5E0FAE
:10A25000BDE8104004BF002100207047BDE8104059
:10A2600070B5FFF7BDFD00BF40DFF63E83F0004153
:10A27000104670470000E0FF43004FEAD30C4FEA5E
:10A280003C0C43401FBF40070CF1605113F0FE4FE0
:10A2900070471CF0006F03D100200CF000417047A4
:10A2A0000CF0004343EA507010B540EACC0000F0D7
:10A2B0000EF800BF000000924FEA0001FFF7DEBD7C
:10A2C0004FF000414FF00000A1F5002170470EF162
:10A2D000020E2EF0030E5EF8044B244204D44FEA23
:10A2E0004102B2F17F4F11D84FEA4003B3F17F4FE3
:10A2F0000CD80ED14FEAD07CB2F17F4F0CEB4C0C56
:10A300000CF1020C08BF4CEBD17C04E04FF0080CC0
:10A3100001E04FEAD17C0CEB4C0324FA03F404F087
:10A320000704B4F1040C06D20EEB840CBDE8104017
:10A330004CF0010C6047DFE80CF0070802024FF018
:10A340000040A0F5800010BD0846420018BFD2F1C1
:10A35000807288BF00F0004010BD4FF04070E1EE09
:10A36000100A7047FF2141EAD050C0057047000035
:10A3700010A90008C55200080000000000000000FD
:10A38000800000000000000000000000ECA80008B1
:10A39000CD53000800000000000000000001000094
:10A3A000000000000000000000A9000831110008B2
:10A3B000000000000000000000010000000000009C
:10A3C00000000000E0A800080545000800000000AB
:10A3D00000000000800000000000000000000000FD
:10A3E000F4A80008D5730008000000000000000079
:10A3F00080000000000000000000000000061016B1
:10A400000006101600000000000000000102030416
:10A41000060708090000000001020304FF005EBCFB
:10A42000E2613FDD83C29C7E20A3FD1F419DC321CD
:10A430007FFCA2401E5F01E3BD3E6082DC237D9F66
:10A44000C1421CFEA0E1BF5D0380DE3C62BEE002B3
:10A450005CDF81633D7C22C09E1D43A1FF4618FA4C
:10A46000A427799BC584DA3866E5BB5907DB856785
:10A4700039BAE406581947A5FB7826C49A653BD932
:10A4800087045AB8E6A7F91B45C6987A24F8A6446B
:10A490001A99C7257B3A6486D85B05E7B98CD23018
:10A4A0006EEDB3510F4E10F2AC2F7193CD114FAD35
:10A4B000F3702ECC92D38D6F31B2EC0E50AFF113FE
:10A4C0004DCE90722C6D33D18F0C52B0EE326C8E1B
:10A4D000D0530DEFB1F0AE4C1291CF2D73CA9476DC
:10A4E00028ABF517490856B4EA6937D58B5709EBFD
:10A4F000B536688AD495CB2977F4AA4816E9B755BA
:10A500000B88D6346A2B7597C94A14F6A8742AC8E2
:10A5100096154BA9F7B6E80A54D7896B3500FFFFAB
:10A520000000891112239B322446AD573665BF7453
:10A53000488CC19D5AAFD3BE6CCAE5DB7EE9F7F803
:10A540008110080193331A22A5562C47B7753E6433
:10A55000C99C408DDBBF52AEEDDA64CBFFF976E8E3
:10A5600002218B30100299132667AF763444BD5513
:10A570004AADC3BC588ED19F6EEBE7FA7CC8F5D9C3
:10A5800083310A2091121803A7772E66B5543C45F3
:10A59000CBBD42ACD99E508FEFFB66EAFDD874C9A3
:10A5A00004428D5316619F702004A9153227BB36D3
:10A5B0004CCEC5DF5EEDD7FC6888E1997AABF3BA83
:10A5C00085520C4397711E60A1142805B3373A26B3
:10A5D000CDDE44CFDFFD56ECE9986089FBBB72AA63
:10A5E00006638F7214409D512225AB343006B91793
:10A5F0004EEFC7FE5CCCD5DD6AA9E3B8788AF19B43
:10A6000087730E6295501C41A3352A24B116380772
:10A61000CFFF46EEDDDC54CDEBB962A8F99A708B22
:10A62000088481951AA793B62CC2A5D33EE1B7F052
:10A630004008C919522BDB3A644EED5F766DFF7C02
:10A64000899400859BB712A6ADD224C3BFF136E032
:10A65000C1184809D33B5A2AE55E6C4FF77D7E6CE2
:10A660000AA583B4188691972EE3A7F23CC0B5D112
:10A670004229CB38500AD91B666FEF7E744CFD5DC2
:10A680008BB502A499961087AFF326E2BDD034C1F2
:10A69000C3394A28D11A580BE77F6E6EF55C7C4DA2
:10A6A0000CC685D71EE597F42880A1913AA3B3B2D2
:10A6B000444ACD5B5669DF78600CE91D722FFB3E82
:10A6C0008DD604C79FF516E4A9902081BBB332A2B2
:10A6D000C55A4C4BD7795E68E11C680DF33F7A2E62
:10A6E0000EE787F61CC495D52AA1A3B03882B19392
:10A6F000466BCF7A5448DD59622DEB3C700EF91F42
:10A700008FF706E69DD414C5ABB122A0B992308371
:10A71000C77B4E6AD5585C49E33D6A2CF11E780F21
:10A720004FBB610567ACDD3F182D4454FB21E93F69
:10A730009BF681D20B73EF3F182D4454FB21F93F58
:10A74000E2652F227F2B7A3C075C143326A6813CDE
:10A75000BDCBF07A8807703C075C143326A6913C89
:10A76000C4EB98999999C9BF711623FEC671BCBFF5
:10A770006D9A74AFF2B0B3BF9AFDDE522DDEADBF5D
:10A780002F6C6A2C44B4A2BF0D5555555555D53F75
:10A79000FF8300922449C23F6E204CC5CD45B73F90
:10A7A000513DD0A0660DB13FEB0D76244B7BA93F08
:10A7B00011DA22E33AAD903F4C5555555555A53F1A
:10A7C0007751C1166CC156BF9015CB19A001FA3E46
:10A7D000AD529C804F7E92BEC4B1B4BD9EEE213E70
:10A7E000D43888BEE9FAA8BD0000000000000000CF
:10A7F00000004054FB21F93F3163621A61B4D03D3F
:10A800000000601A61B4D03D7370032E8A19A33B17
:10A810000000002E8A19A33BC14920259A837B3969
:10A8200000000000000000006E83F9A22915444ECC
:10A83000D15727FCC0DD34F5999562DB4190433C4C
:10A84000AB6351FE61C5BBDE3A6E24B7E0D24D4228
:10A85000EA2E49061C92D1091CEB1DFE3EA729B128
:10A86000F53582E88444BB2E26709CE9417E5FB4B6
:10A8700039D69139F43953838B5F849C3B28F9BDD9
:10A88000FF97F81F0F9805DE8B112FEF1F6D0A5AE7
:10A89000CF7E366DB709CB27663F464F2DEA5F9EC8
:10A8A000C7BA27757BF1E5EBF739073DEA92528A83
:10A8B000B15FFB6B085D8D1FA6F810111111813F70
:10A8C000D561C119A0012ABF7DFEB157E31DC73E66
:10A8D000EB9C2B8AE6E55ABE7CD5CF5A3AD9E53DAA
:10A8E0006C65645F5461736B0000000074665F54B4
:10A8F00061736B00636F6D6D5F5461736B0000007B
:10A90000636861737369735F5461736B0000000067
:10A9100064656661756C745461736B003CA90008D2
:10A920000000002020020000C4010008B0A90008B7
:10A930002002002010CA000020020008011C321072
:10A940004201035D24F41AAA01015C2AFF031905E0
:10A9500019074AFF077913390F816DCDCC4C3E049E
:10A96000012BA2419A200CCBA040102334431A960D
:10A97000048123614603507A4480093333EB3A580B
:10A98000A08B3A3201157D04017C100F0240AB030D
:10A990004101055308065804070F160810810911D4
:10A9A000160A15800B16450C18010D0312E803005A
:040000050800018965
:00000001FF
